,0,1,2,3,4,5,6,7,8,9,10,11,12,13,14,15,16,17,18
0,34175,33334452,Encounter HTML,,,,,,,,,,,,,,,,
1,10960,33334004,Patient Record Vector Image,,,,,,,,,,,,,,,,
2,10018,33334003,Patient Record Image,,,,,,,,,,,,,,,,
3,4750,33334002,Patient Image,,,,,,,,,,,,,,,,
4,4584,5089,Weight (kg),POIDS (KG),Uzito katika kilogram,WT,uzito,ክብደት ብ ኪሎግራም,peso (kg),Ibiro (Kg),Pwa (kg),,,,,,,,
5,4154,5090,Height (cm),HT,Taille (CM),Рост (см),Wotè (cm),,,,,,,,,,,,
6,2572,160250,Final diagnosis,Diagnostic final,Dènye dyagnostik,Dènye dyagnostik,,,,,,,,,,,,,
7,1565,5085,Systolic blood pressure,SBP,SBP,SYSTOLIC,TENSION ARTÉRIELLE SYSTOLIQUE,PRESSION SYSTOLIQUE,Систолическое артериальное давление,Tansyon systolik,,,,,,,,,
8,1472,5086,Diastolic blood pressure,DBP,DBP,DIASTOLIC,TENSION ARTÉRIELLE DIASTOLIQUE,PRESSION DIASTOLIQUE,Диастолическое артериальное давление,Tansyon diastolik,,,,,,,,,
9,1331,33334027,Presenting Complaints,,,,,,,,,,,,,,,,
10,1174,5092,Blood oxygen saturation,SpO2,SaO2,Konbyen oksijèn ki nan san an,Saturation d'oxygène dans le sang,,,,,,,,,,,,
11,1165,5087,Pulse,Pouls,HR,Heart rate,HR,Pilsasyon,Batman kè,,,,,,,,,,
12,1146,5088,Temperature (C),TEMP (C),Temp (C),TEMPÉRATURE (C),Igipimo cy'umuriro (celcius),Температура (С),Tanperati (C),,,,,,,,,,
13,1106,170250000,Status,,,,,,,,,,,,,,,,
14,1106,5242,Respiratory rate,Rythme respiratoire,RR,TAUX RESPIRATOIRE,breaths per minute,Respirasyon pa minit,Pousantaj respiratwa,,,,,,,,,,
15,1052,33334037,Systemic Examination,,,,,,,,,,,,,,,,
16,926,160249,Provisional diagnosis,Diagnostic provisoire,Dyagnostik pwovizwa,,,,,,,,,,,,,,
17,873,160618,Family history comment,FamHx comment,FHx comment,Commentaire sur les antécédents familiaux	,Kòmantè istwa fanmi,,,,,,,,,,,,
18,826,678,WHITE BLOOD CELLS,Globules blancs,WBC,LEUKOCYTE COUNT,PUS CELLS,WBC,WHITE CELLS,Total WBC count,Total leukocyte count,Globil blan,,,,,,,
19,820,21,Hemoglobin,Hémoglobine,Kiwango Cha Damu,HGB,HB,HGB,Haemoglobin,Emoglobin,ہیموگلوبن,,,,,,,,
20,814,1132,SERUM SODIUM,NA,NA,SODIUM,Sodium serum,Sodyòm sewòm,,,,,,,,,,,
21,810,1133,SERUM POTASSIUM,K,POTASSIUM,Potassium serum,Potasyòm Sewòm,,,,,,,,,,,,
22,804,857,BLOOD UREA NITROGEN,BUN,BUN,UREA,Azote de l'Uree,Azòt ire nan san,,,,,,,,,,,
23,786,1026,DIFFERENTIAL,DIFF,DIFF,,,,,,,,,,,,,,
24,772,653,SERUM GLUTAMIC-OXALOACETIC TRANSAMINASE,SGOT,ASPARTATE AMINOTRANSFERASE,AST,SGOT,SÉRUM TRANSAMINASE GLUTAMIQUE-OXALACÉTIQUE,Sewòm tranzaminaz glutamique-oxaloacetic,,,,,,,,,,
25,766,848,SERUM ALBUMIN,Albumine serum,Albumin sewòm,,,,,,,,,,,,,,
26,765,785,ALKALINE PHOSPHATASE,ALP,ALK PHOS,ALP,Serum alkaline phosphatase,PHOSPHATASE ALCALINE,asid fosfataz,,,,,,,,,,
27,764,654,SERUM GLUTAMIC-PYRUVIC TRANSAMINASE,SGPT,ALANINE AMINOTRANSFERASE,ALT,SGPT,Serum transaminase glutamique-pyruvique,Sewòm tranzaminaz glutamique-pyruvic,,,,,,,,,,
28,764,655,TOTAL BILIRUBIN,TBILI,BILI,BILIRUBIN,TBILI,BILIRUBINE TOTALE,Bilirubin total,,,,,,,,,,
29,764,717,TOTAL PROTEIN,PROTÉINES TOTALES,PWOTEYIN TOTAL,,,,,,,,,,,,,,
30,761,33334035,Conscious and Oriented,Cynosis,Conscious and Oriented,,,,,,,,,,,,,,
31,760,1297,DIRECT BILIRUBIN,DBILI,DBILI,Bilirubine Directe,Bilirubin dirèk,,,,,,,,,,,,
32,751,33334014,Phosphorous Test,,,,,,,,,,,,,,,,
33,749,33334030,Previous Treatment,,,,,,,,,,,,,,,,
34,742,159829,"GGT, serum","gamma glutamyl transpeptidase, serum",,,,,,,,,,,,,,,
35,645,33334034,Other Personal History,,,,,,,,,,,,,,,,
36,600,33334031,Previous Operations,,,,,,,,,,,,,,,,
37,585,790,Serum creatinine (umol/L),CRÉATININE,CR,CR,Kreyatinin,,,,,,,,,,,,
38,577,159497,Serum calcium,Ca,Calcémie,Sewòm kalsyòm,,,,,,,,,,,,,
39,535,33334033,Other History,,,,,,,,,,,,,,,,
40,517,33334012,prothrombin,Prothrombin Time,Prothrombin Time (mg/dL),,,,,,,,,,,,,,
41,445,33334038,Charlson Comorbidity Score,,,,,,,,,,,,,,,,
42,416,33334544,Community supportive(Family and Social Aspect),,,,,,,,,,,,,,,,
43,412,33334542,Family supportive(Family and Social Aspect),,,,,,,,,,,,,,,,
44,402,33334442,Has DVT prophylaxis been administered,,,,,,,,,,,,,,,,
45,401,33334432,Does Patient Have A Difficult Airway/Aspiration Risk?,,,,,,,,,,,,,,,,
46,401,33334433,Does Patient Have A Risk of 500ml blood loss(7ml/kg in children)?,,,,,,,,,,,,,,,,
47,401,33334434,Has the imaging been discussed with radiologist preoperatively,,,,,,,,,,,,,,,,
48,401,33334448,Is essential imaging displayed,,,,,,,,,,,,,,,,
49,401,33334440,Has antibiotic prophylaxis been given within the last 60 minutes?,,,,,,,,,,,,,,,,
50,389,33334427,"Patient has confirmed IDENTITY,SITE,PROCEDURE,CONSENT",,,,,,,,,,,,,,,,
51,375,33334429,Anaesthesia Safety Check Completed,,,,,,,,,,,,,,,,
52,375,33334559,Sad,,,,,,,,,,,,,,,,
53,371,33334430,Pulse Oximeter on Patient and Functioning,,,,,,,,,,,,,,,,
54,363,33334549,Caregiver attitude positive(Family and Social Aspect),,,,,,,,,,,,,,,,
55,360,33334428,Site Marked/Not Applicable,,,,,,,,,,,,,,,,
56,345,33334552,Easy to talk,,,,,,,,,,,,,,,,
57,341,33334546,Family functional(Family and Social Aspect),,,,,,,,,,,,,,,,
58,314,33334028,Blood Investigations,,,,,,,,,,,,,,,,
59,306,33334032,Ongoing Drug Treatment,,,,,,,,,,,,,,,,
60,286,33334431,Does Patient Have A Known Allergy?,,,,,,,,,,,,,,,,
61,274,33334565,Fear Of leaving family behind,,,,,,,,,,,,,,,,
62,269,33334557,Hope(Emotional Stage),,,,,,,,,,,,,,,,
63,225,159830,"creatinine measurement, urine, random",,,,,,,,,,,,,,,,
64,218,33334563,Fear Of death,,,,,,,,,,,,,,,,
65,215,159658,"calcium measurement, urine",urine Ca,,,,,,,,,,,,,,,
66,210,156639,history of hypertension,Histoire d'hypertension,Istwa Tansyon wo,,,,,,,,,,,,,,
67,206,33334039,General Physical Examination,,,,,,,,,,,,,,,,
68,203,33334558,Acceptance(Emotional Stage),,,,,,,,,,,,,,,,
69,196,33334564,Fear Of severe pain,,,,,,,,,,,,,,,,
70,176,160797,T0 tumor stage,T0,T0 tumour stage,,,,,,,,,,,,,,
71,172,119481,Diabetes Mellitus,Diabète mellitus,Ugonjwa wa Kisukari,diabetes mellitus,Diabetes,diabetes mellitus,Đái tháo đường,Tiểu đường,Diabete,Maladi sik,,,,,,,
72,137,33334329,Ca Pancreas,,,,,,,,,,,,,,,,
73,135,152722,Smoker,fumador,Current smoker,Patient currently smokes,tabagisme,Fumeur	,Fimen,,,,,,,,,,
74,130,33334131,Patient Admission,,,,,,,,,,,,,,,,
75,110,143098,Current Drinker,bebedor de alcohol,Patient currently consumes alcohol,,,,,,,,,,,,,,
76,108,33334529,Mouth Care,,,,,,,,,,,,,,,,
77,104,116689,Intestinal Obstruction,obstrucción intestinal,,,,,,,,,,,,,,,
78,102,33334320,Ca Colon,,,,,,,,,,,,,,,,
79,101,33334540,Diet,,,,,,,,,,,,,,,,
80,100,136443,Jaundice,Ictère,ictericia,ЖЕЛТУХА,icterus,Vàng da,Lajònis,,,,,,,,,,
81,98,33334435,Confirm all team members have introduced themselves by name and role,,,,,,,,,,,,,,,,
82,96,33334456,Prognosis,,,,,,,,,,,,,,,,
83,95,33334467,Level of Consciousness,,,,,,,,,,,,,,,,
84,94,33334463,Stage,,,,,,,,,,,,,,,,
85,94,33334453,Diagnosis(Patient Aware/Not Aware),,,,,,,,,,,,,,,,
86,94,33334454,Revealed by(Patient diagnoses),Revealed by(Patient diagnosis),,,,,,,,,,,,,,,
87,93,33334447,"Surgeon, Anaesthetia Professional And nurse review the key conerrns for recovery and management of this patient",,,,,,,,,,,,,,,,
88,92,33334436,"Surgeon, anaesthesia professional and nurse verbally confirm: Patient, Site & procedure",,,,,,,,,,,,,,,,
89,90,33334040,Complete Blood Counts,CBCs,,,,,,,,,,,,,,,
90,88,155551,chronic anemia,chronische anemie,,,,,,,,,,,,,,,
91,88,33334538,Skin Care,,,,,,,,,,,,,,,,
92,87,151447,Ileostomy Status,antecedente de: ileostomía,Iléostomie,Наличие илеостомы,,,,,,,,,,,,,
93,87,33334042,Respiratory Function Tests,RFTs,,,,,,,,,,,,,,,
94,86,33334041,Liver Function Tests,LFTs,,,,,,,,,,,,,,,
95,76,33334280,Previous Treatment 1,,,,,,,,,,,,,,,,
96,73,33334399,Stomach Carcinoma,,,,,,,,,,,,,,,,
97,73,33334344,Gallstones,,,,,,,,,,,,,,,,
98,73,14,"DIARRHEA, AMOEBIASIS",AMOEBIC DIARRHOEA,AMOEBIC DYSENTRY,,,,,,,,,,,,,,
99,70,33334536,Bowel Care,,,,,,,,,,,,,,,,
100,70,33334418,Grade I (CCI),,,,,,,,,,,,,,,,
101,70,33334043,Other Investigations,,,,,,,,,,,,,,,,
102,67,137654,Incisional Hernia,eventración,,,,,,,,,,,,,,,
103,62,115432,Myocardial Infarction,infarto de miocardio,Heart attack,MI (Myocardial Infarction),myocardinfarct,Infarctus du myocarde,Kriz kadiak,,,,,,,,,,
104,61,33334465,Brief History of Present Illness,,,,,,,,,,,,,,,,
105,60,114212,Peripheral Vascular Disease,enfermedad vascular periférica,PVD (peripheral vascular disease),Maladie vasculaire périphérique,Bệnh mạch máu ngoại biên,,,,,,,,,,,,
106,59,33334547,Family semi-functional(Family and Social Aspect),,,,,,,,,,,,,,,,
107,58,160801,T4,T4 tumor stage,T4 tumour stage,,,,,,,,,,,,,,
108,56,33334562,Shameful,,,,,,,,,,,,,,,,
109,56,33334573,Significant Past Medical History,,,,,,,,,,,,,,,,
110,56,147951,Bat Ear,orejas colgantes,,,,,,,,,,,,,,,
111,56,33334527,Eye Care,,,,,,,,,,,,,,,,
112,55,33334571,Past Treatment,,,,,,,,,,,,,,,,
113,54,460,Oedema,Dropsy,Edema,OEDÈME,Kuvimba sehemu za mwili kwa kujaa maji,ሕፈስ  ሰበነተ,Edema nos,enfle,,,,,,,,,
114,54,110743,Post Immunisation Encephalomyelitis,encefalomielitis postvacunal,vaccinatie encefalomyelitis,,,,,,,,,,,,,,
115,54,33334330,Ca Rectum,,,,,,,,,,,,,,,,
116,53,33334464,Investigations,,,,,,,,,,,,,,,,
117,52,33334567,Angry with God,,,,,,,,,,,,,,,,
118,52,33334304,Acute Necrotising Pancreatitis,,,,,,,,,,,,,,,,
119,51,33334358,Intestinal Perforation,,,,,,,,,,,,,,,,
120,51,121518,Appendicitis,apendicitis,Appendicite,Viêm ruột thừa,,,,,,,,,,,,,
121,50,33334572,Current Treatment,,,,,,,,,,,,,,,,
122,50,33334499,Severity of pain,,,,,,,,,,,,,,,,
123,50,33334528,ENT Care,,,,,,,,,,,,,,,,
124,49,33334566,Fear Of meeting God,,,,,,,,,,,,,,,,
125,47,117307,Autoeczematisation,dermatitis por sensibilización,,,,,,,,,,,,,,,
126,46,33334561,Guilty,,,,,,,,,,,,,,,,
127,46,33334356,Intestinal Fistula,,,,,,,,,,,,,,,,
128,46,33334343,Gall Bladder Cancer,,,,,,,,,,,,,,,,
129,45,110722,Unsatisfactory Restoration of Tooth,restauración dental defectuosa,,,,,,,,,,,,,,,
130,44,114255,Pericarditis with Decompensation,Viêm màng ngoài tim mất bù với,,,,,,,,,,,,,,,
131,43,33334560,Angry,,,,,,,,,,,,,,,,
132,42,33334508,Cough Intensity,,,,,,,,,,,,,,,,
133,42,33334519,Swelling Intensity,,,,,,,,,,,,,,,,
134,42,33334509,Dyspnoea Intensity,,,,,,,,,,,,,,,,
135,42,33334520,Foul Smell Intensity,,,,,,,,,,,,,,,,
136,42,33334510,Dysphagia Intensity,,,,,,,,,,,,,,,,
137,42,33334521,Ulcer/Pres Sores Intensity,,,,,,,,,,,,,,,,
138,42,33334511,Dyspepsia Intensity,,,,,,,,,,,,,,,,
139,42,33334522,Excess Sweating,,,,,,,,,,,,,,,,
140,42,33334512,Confusion Intensity,,,,,,,,,,,,,,,,
141,42,33334523,Bleeding Intensity,,,,,,,,,,,,,,,,
142,42,33334502,Nausea Intensity,,,,,,,,,,,,,,,,
143,42,33334513,Sore Mouth Intensity,,,,,,,,,,,,,,,,
144,42,33334524,Loss of Weight Intensity,,,,,,,,,,,,,,,,
145,42,33334503,Vomiting Intensity,,,,,,,,,,,,,,,,
146,42,33334514,Dry Mouth Intensity,,,,,,,,,,,,,,,,
147,42,33334525,Impaired Hearing Intensity,,,,,,,,,,,,,,,,
148,42,33334504,Lethargy Intensity,,,,,,,,,,,,,,,,
149,42,33334515,Oral Secretions,,,,,,,,,,,,,,,,
150,42,33334526,Debility/Immobility Intensity,,,,,,,,,,,,,,,,
151,42,33334505,Loss of Appetite Intensity,,,,,,,,,,,,,,,,
152,42,33334516,Insomnia Intensity,,,,,,,,,,,,,,,,
153,42,106,Acute Coryza,resfrío común,COMMON COLD,CORYZA,URI,URTI,Head Cold,Acute nasopharyngitis,,,,,,,,,
154,42,33334506,Taste Alteration Intensity,,,,,,,,,,,,,,,,
155,42,33334517,Drowsiness,,,,,,,,,,,,,,,,
156,42,33334507,Constipation Intensity,,,,,,,,,,,,,,,,
157,42,33334518,Urinary Symptoms Intensity,,,,,,,,,,,,,,,,
158,41,136696,Intestinal Gangrene,gangrena intestinal,gangreen van de darm,,,,,,,,,,,,,,
159,40,33334466,General Appearance,,,,,,,,,,,,,,,,
160,40,150923,Abdominal Abscess,absceso abdominal,abdominaal abces,,,,,,,,,,,,,,
161,40,33334468,Temperature(Clinical Examination),,,,,,,,,,,,,,,,
162,40,33334480,Clinical Impression,,,,,,,,,,,,,,,,
163,40,33334484,Nociceptive,,,,,,,,,,,,,,,,
164,39,145250,Chronic Pancreatitis,pancreatitis crónica,chronische pancreatitis,,,,,,,,,,,,,,
165,39,9,BLOOD SUGAR,,,,,,,,,,,,,,,,
166,38,33334479,Local and Systemic Examination,,,,,,,,,,,,,,,,
167,38,33334469,Pallor(Clinical Examination),,,,,,,,,,,,,,,,
168,38,33334132,Diagnosis,,,,,,,,,,,,,,,,
169,38,7,Gallbladder Calculus,cálculo de la vesícula biliar,"BILIARY TRACT DISEASE, GALLSTONES",GALLSTONES,CALCULS BILIAIRES,پتے کی پتھری,,,,,,,,,,,
170,38,33334472,BP(Clinical Examination),,,,,,,,,,,,,,,,
171,38,33334570,Life after-death,,,,,,,,,,,,,,,,
172,38,33334305,Acute pancreatitis Gallstones,,,,,,,,,,,,,,,,
173,37,33334471,PR(Clinical Examination),,,,,,,,,,,,,,,,
174,37,33334473,RR(Clinical Examination),,,,,,,,,,,,,,,,
175,37,119910,Congestive Heart Failure,insuficiencia cardíaca congestiva,CHF (Congestive Heart Failure),congestief hartfalen,Suy tim sung huyết,Застойная сердечная недостаточность,,,,,,,,,,,
176,36,33334500,Current Medications (taken by patient for pain relief),,,,,,,,,,,,,,,,
177,35,33334553,Slurred speech(Communication Patterns),,,,,,,,,,,,,,,,
178,34,5475,Tuberculin Skin Test,Test Tuberculinique,TB Skin Test,PPD test,Mantoux test,Проба Манту,Tuberculin Tès Po,Tès Tuberculin sou po (quantitative),,,,,,,,,
179,31,33334491,Neuropathic,,,,,,,,,,,,,,,,
180,29,33334501,Relief Obtained (Percentage),,,,,,,,,,,,,,,,
181,29,33334133,Co Morbidities,,,,,,,,,,,,,,,,
182,28,6033,RENAL DISEASE,Kidney disease,MALADIE RÉNALE	,Maladi ren,,,,,,,,,,,,,
183,28,117399,Hypertension,hipertensión arterial,High blood pressure,HTN (hypertension),Huyết áp cao,Tăng huyết áp,Hypertension artérielle,HTA,Ipètansyon,,,,,,,,
184,28,149631,Acute Necrotizing Pancreatitis,pancreatitis necrosante aguda,acute necrotiserende pancreatitis,,,,,,,,,,,,,,
185,27,33334488,Visceral,,,,,,,,,,,,,,,,
186,27,41,PAPANICOLAOU SMEAR,PAP SMEAR,,,,,,,,,,,,,,,
187,26,33334326,Ca Oesophagus,,,,,,,,,,,,,,,,
188,26,33334301,Abdominal Pain ? Cause,,,,,,,,,,,,,,,,
189,26,111712,Ulcerative Colitis,colitis ulcerosa,Viêm loét đại tràng,,,,,,,,,,,,,,
190,26,118872,Alterations of Sensations,trastorno de la percepción sensitiva,,,,,,,,,,,,,,,
191,26,45,URINE PREGNANCY TEST,TEST DE GROSSESSE URINAIRE,kutumia mkojo katika kupima mimba,Tès GWOSES nan PIPI,,,,,,,,,,,,,
192,25,33334498,What makes the pain better?,,,,,,,,,,,,,,,,
193,25,33334478,Ambulation,,,,,,,,,,,,,,,,
194,25,33334554,Unable to talk,,,,,,,,,,,,,,,,
195,25,119664,Heart Decompensation,insuficiencia cardíaca descompensada,,,,,,,,,,,,,,,
196,25,33334535,Perineal Care,,,,,,,,,,,,,,,,
197,24,33334497,What makes the pain worse?,,,,,,,,,,,,,,,,
198,24,33334419,Grade II (CCI),,,,,,,,,,,,,,,,
199,24,33334420,Grade IIIa (CCI),,,,,,,,,,,,,,,,
200,23,33334084,Gun Type,,,,,,,,,,,,,,,,
201,23,33334085,Gun Brand,,,,,,,,,,,,,,,,
202,23,143021,Cyst of Cystic Duct,quiste del conducto cístico,cyste van de ductus cysticus,,,,,,,,,,,,,,
203,23,33334490,Visceral Cramping,,,,,,,,,,,,,,,,
204,23,33334485,Nociceptive Aching,,,,,,,,,,,,,,,,
205,22,117429,Hyperostosis Corticalis Generalisata,hiperfosfatasemia tardía,,,,,,,,,,,,,,,
206,21,300,BLOOD TYPING,Groupe Sanguin,Aina za damu,BLOOD GROUP,Blood grouping and RH typing,Tip san,,,,,,,,,,,
207,21,33334444,"That instrument, sponge and needle counts are correct(or not applicable)",,,,,,,,,,,,,,,,
208,21,121136,Biliary Stricture,estrechez de la vía biliar,,,,,,,,,,,,,,,
209,21,33334569,Forgiveness issues,,,,,,,,,,,,,,,,
210,20,305,BRUCELLA TEST,,,,,,,,,,,,,,,,
211,20,33334387,Portal Hypertension EHO,,,,,,,,,,,,,,,,
212,20,33334437,"Surgeon reviews: What are the critical or unexpected steps, operative duration, anticipated blood loss?",,,,,,,,,,,,,,,,
213,20,33334438,Anaesthesia team reviews:are there any patient-specific concerns?,,,,,,,,,,,,,,,,
214,20,6032,HEPATIC DISEASE,liver disease,liver disorder,hepatic disorder,,,,,,,,,,,,,
215,20,33334417,Fever,,,,,,,,,,,,,,,,
216,20,33334145,Laproscopic Cholecystectomy,,,,,,,,,,,,,,,,
217,20,33334439,Nursing team reviews:has sterility(including indicator results)been confirmed?are there equipment issues or any concerns?,,,,,,,,,,,,,,,,
218,20,110120,Carcinoma of Testis,neoplasia maligna de testículo,neoplasia maligna primaria de testículo,,,,,,,,,,,,,,
219,20,33334443,The name of the procedure recorded,,,,,,,,,,,,,,,,
220,20,33334421,Grade IIIb,,,,,,,,,,,,,,,,
221,19,33334445,How the specimen is labelled(including patient name),,,,,,,,,,,,,,,,
222,19,33334423,Grade IVb,,,,,,,,,,,,,,,,
223,19,33334446,Whether there are any equipment problems to be addressed,,,,,,,,,,,,,,,,
224,19,120582,Chronic Pulmonary Heart Disease,enfermedad cardiopulmonar crónica,,,,,,,,,,,,,,,
225,18,33334487,Nociceptive Heaviness,,,,,,,,,,,,,,,,
226,18,192,serologic test for herpes virus,HSV antibody test,,,,,,,,,,,,,,,
227,18,116266,Localisation Related Epilepsy,epilepsia focal,lokalisatiegebonden epilepsie,Địa phương hóa liên quan động kinh,,,,,,,,,,,,,
228,18,119663,Myocardial Decompensation,insuficiencia cardíaca descompensada,,,,,,,,,,,,,,,
229,18,33334555,Shock(Emotional Stage),,,,,,,,,,,,,,,,
230,18,33334459,Disease Name,,,,,,,,,,,,,,,,
231,18,145830,Cerebrovascular Disease,enfermedad cerebrovascular,cerebrovasculaire aandoening,Bệnh mạch máu não,,,,,,,,,,,,,
232,17,33334300,Abdominal Dehiscence,,,,,,,,,,,,,,,,
233,17,142469,Diabetes Mellitus with Renal Manifestation,nefropatía diabética,,,,,,,,,,,,,,,
234,17,33334337,Colonic Diverticulitis,,,,,,,,,,,,,,,,
235,16,33334532,Wound Detail,,,,,,,,,,,,,,,,
236,16,33334142,Operation (Main Operative Findings),,,,,,,,,,,,,,,,
237,16,33334458,Impression about Cure,,,,,,,,,,,,,,,,
238,16,33334461,Primary Site,,,,,,,,,,,,,,,,
239,16,33334303,Achalasia of the Cardia,,,,,,,,,,,,,,,,
240,16,33334346,GIST,,,,,,,,,,,,,,,,
241,16,33334462,Secondary Site(s),,,,,,,,,,,,,,,,
242,16,33334537,Lymphedema Details,,,,,,,,,,,,,,,,
243,15,33334422,Grade IVa (CCI),,,,,,,,,,,,,,,,
244,15,33334477,Skin(Clinical Examination),,,,,,,,,,,,,,,,
245,15,33334325,Ca Liver,,,,,,,,,,,,,,,,
246,15,33334313,Biliary Leak,,,,,,,,,,,,,,,,
247,15,33334414,Colostomy,,,,,,,,,,,,,,,,
248,15,134988,Carcinomatosis,carcinomatosis,carcinomatose,,,,,,,,,,,,,,
249,15,130,Puerperal sepsis,septicemia puerperal,Childbed fever,Peurperal fever,Puerperal septicemia,Septicémie puerpérale,Послеродовой сепсис,,,,,,,,,,
250,15,135488,Lymphadenopathy,adenomegalia,Lymphadénopathie,lymfadenopathie,Hạch to,Adenopati,,,,,,,,,,,
251,15,156025,Hydatid cyst,,,,,,,,,,,,,,,,
252,15,33334278,Location (Main Operative Findings),,,,,,,,,,,,,,,,
253,15,33334290,Pneumoperitoneum created by veress needle,,,,,,,,,,,,,,,,
254,15,33334333,CBD Stones,,,,,,,,,,,,,,,,
255,15,33334495,Neuropathic Tingling,,,,,,,,,,,,,,,,
256,14,33334110,Normal Build,,,,,,,,,,,,,,,,
257,14,162263,Milliliter,mL,,,,,,,,,,,,,,,
258,14,306,WIDAL TEST,Test Widal,tès WIDAL,,,,,,,,,,,,,,
259,14,33334492,Neuropathic Burning,,,,,,,,,,,,,,,,
260,14,33334450,CCI,,,,,,,,,,,,,,,,
261,14,33334486,Nociceptive Throbbing,,,,,,,,,,,,,,,,
262,13,127159,Satyriasis,satiriasis,satyriasis,,,,,,,,,,,,,,
263,13,129348,Postoperative Incisional Hernia,eventración postoperatoria,,,,,,,,,,,,,,,
264,13,33334317,Ca Bile ducts,,,,,,,,,,,,,,,,
265,13,33334451,Clavien-Dindo Grade,,,,,,,,,,,,,,,,
266,13,33334045,Umbilicius,,,,,,,,,,,,,,,,
267,13,33334334,Choledochal Cyst,,,,,,,,,,,,,,,,
268,12,162434,Oil,,,,,,,,,,,,,,,,
269,12,33334285,Hypertension,,,,,,,,,,,,,,,,
270,12,33334143,Anaesthesia (Main Operative Finding),,,,,,,,,,,,,,,,
271,12,127161,Saturday Night Paralysis,parálisis de la noche del sábado,,,,,,,,,,,,,,,
272,12,148346,Ascites,ascitis,ascites,Báng bụng,Cổ chướng,Асцит,Ascite,Asit,,,,,,,,,
273,12,158828,small intestinal gangrene,,,,,,,,,,,,,,,,
274,12,33334015,Alkaline Phosphatase (C),,,,,,,,,,,,,,,,
275,12,178,"Fracture, colles",fractura de Colles,Colles fracture,Colles' fracture,fractuur van Colles,,,,,,,,,,,,
276,12,160987,Urinalysis result (text),O/E urine,Urine test result (text),Résultat des analyses d'urine (texte),Rezilta urin (tèks),,,,,,,,,,,,
277,11,1,Anemia due to Blood Loss,Anemia por pérdida de sangre,"ANEMIA, BLOOD LOSS","ANÉMIE, PERTE DE SANG",خون کی کمی، خون بہنے کی وجہ سے,,,,,,,,,,,,
278,11,159825,"uric acid, serum",Acide urique sérique,Asid Irik,,,,,,,,,,,,,,
279,11,33334543,Family non-supportive(Family and Social Aspect),,,,,,,,,,,,,,,,
280,11,1169,HIV INFECTED,HIV POS,HIV status,HIV status,infecté par le VIH,VIH enfekte,,,,,,,,,,,
281,11,33334534,Catheter Care,,,,,,,,,,,,,,,,
282,11,33334460,Diagnosed on,,,,,,,,,,,,,,,,
283,11,33334345,Gastric Outlet Obstruction,,,,,,,,,,,,,,,,
284,11,1293,Gastroesophageal reflux disease,enfermedad por reflujo gastroesofágico,ACIDITY,GER,GERD,Gastroesophageal reflux,Maladie reflux gastroesophageal,MRGO (Maladie reflux gastroesophageal),gastro-oesofagale reflux,GORD (gastro-oesophageal reflux disease),Reflux Gatro-Oesophagien,kè bwile,Asid,,,,
285,11,116041,Malignant Neoplasm of Stomach,tumor maligno del estómago,Stomach cancer,maligne maagneoplasma,Tumeur maligne de l'estomac,,,,,,,,,,,,
286,11,114262,Peptic ulcer,úlcera péptica,ULCÈRE PEPTIQUE,Peptic ulcer disease,peptisch ulcus,Loét bao tử,,,,,,,,,,,
287,11,33334475,Odema(Clinical Examination),,,,,,,,,,,,,,,,
288,11,33334306,Acute Pancreatitis with Pseudocyst,,,,,,,,,,,,,,,,
289,11,33334351,Hiatus Hernia,,,,,,,,,,,,,,,,
290,10,33334282,Pain (History),,,,,,,,,,,,,,,,
291,10,33334024,Investigation Free Text,Investigation,Other Test Notes,,,,,,,,,,,,,,
292,10,33334342,Fistula in ano,,,,,,,,,,,,,,,,
293,10,33334250,HTCM+: Hypertension Controlled on medication,,,,,,,,,,,,,,,,
294,10,33334093,PRHC+ : Pain in the right hypochondrium,,,,,,,,,,,,,,,,
295,10,141676,Duodenal Perforation,perforación duodenal,perforatie van duodenum,,,,,,,,,,,,,,
296,10,33334144,Surgeons (Main Operation Findings),,,,,,,,,,,,,,,,
297,10,33334493,Neuropathic Current-like,,,,,,,,,,,,,,,,
298,10,33334568,Broken relationships,,,,,,,,,,,,,,,,
299,10,33334395,Retroperitoneal Tumour,,,,,,,,,,,,,,,,
300,9,33334375,Obscure GI Bleeding,,,,,,,,,,,,,,,,
301,9,33334531,Ryles's Tube,,,,,,,,,,,,,,,,
302,9,33334533,Ostomy Care,,,,,,,,,,,,,,,,
303,9,33334286,Diabetes,,,,,,,,,,,,,,,,
304,9,4,ASTHMA EXACERBATION,Asthma relapse,EXACERBATION D'ASTHME,Asthma with exacerbation,دمہ کا بگڑنا,,,,,,,,,,,,
305,9,111699,Umbilical Hernia,hernia umbilical,hernia umbilicalis,Hernie ombilicale,Thoát vị rốn,,,,,,,,,,,,
306,9,588,Clubbing,,,,,,,,,,,,,,,,
307,8,33334321,Ca Duodenum,,,,,,,,,,,,,,,,
308,8,1299,Amylase,amylase measurement,Amylase,Amilaz,,,,,,,,,,,,,
309,8,33334378,Oesophagus Stricture Benign,,,,,,,,,,,,,,,,
310,8,5945,FEVER,,,,,,,,,,,,,,,,
311,8,2,"ANEMIA, HEMOLYSIS","ANÉMIE, HÉMOLYSE",Hemolytic anemia,"Anemia, hemolytic",خون کی کمی،  خون کے سرخ ذرات ٹوٹنے کی وجہ سے,,,,,,,,,,,,
312,8,119566,DEMENTIA,demencia,Mất trí nhớ,Démence,Demans,,,,,,,,,,,,
313,8,127160,Saturnine Tremor,temblor saturnino,,,,,,,,,,,,,,,
314,8,33334327,Ca Ovary,,,,,,,,,,,,,,,,
315,8,33334251,HTCM-: Hypertension Uncontrolled on irregular medication,,,,,,,,,,,,,,,,
316,8,33334094,PE+ : Pain in the epigastric region,,,,,,,,,,,,,,,,
317,8,1040,"HIV RAPID TEST 1, QUALITATIVE",HIV RAPID 1 QUAL,"Human immunodeficiency virus antibody, spot test","TEST RAPID VIH 1, qualitative",Tès RAPID VIH 1 kalitatif,,,,,,,,,,,,
318,8,33334302,Abscess,,,,,,,,,,,,,,,,
319,8,101,"X-RAY, ABDOMEN",ABDOMINAL X-RAY,ABDOMINAL XRAY,KUB,X-RAY ABDOMEN,,,,,,,,,,,,
320,8,33334289,ECHO,,,,,,,,,,,,,,,,
321,8,126224,Specimen Unsatisfactory for Diagnosis,espécimen inadecuado para diagnóstico,espécimen insatisfactorio para el diagnóstico,,,,,,,,,,,,,,
322,8,33334494,Neuropathic Shooting,,,,,,,,,,,,,,,,
323,8,33334254,Comment (Past Surgical History),,,,,,,,,,,,,,,,
324,8,33334548,Family dysfunctional(Family and Social Aspect),,,,,,,,,,,,,,,,
325,8,33334242,Follow up with,,,,,,,,,,,,,,,,
326,8,33334496,Neuropathic Pinpricking,,,,,,,,,,,,,,,,
327,8,33334539,Bleeding Details,,,,,,,,,,,,,,,,
328,8,33334046,Infundibulum retracted laterally,,,,,,,,,,,,,,,,
329,7,33334245,No. of Gallstones,,,,,,,,,,,,,,,,
330,7,33334153,Comment (Swelling History),,,,,,,,,,,,,,,,
331,7,57,YELLOW FEVER,fiebre amarilla,YELLOW JACK,,,,,,,,,,,,,,
332,7,161235,Immediate (status),STAT,STAT (statim) - Immediate,,,,,,,,,,,,,,
333,7,33334155,Swelling (History),,,,,,,,,,,,,,,,
334,7,5165,MURMUR DIASTOLIC RUMBLE GRADE,,,,,,,,,,,,,,,,
335,7,1007,HIGH-DENSITY LIPOPROTEIN CHOLESTEROL,HDL,HDL,Lipoprotéines cholestérol de haute densité,Mas volimik kolestewòl ki wo lipoprotein,,,,,,,,,,,,
336,7,33334368,Liver Injury,,,,,,,,,,,,,,,,
337,7,159643,Serum magnesium measurement,Mesure de magnésium sérique,Mezi sewòm mayezyòm,,,,,,,,,,,,,,
338,7,126389,Skin Sensation Disturbance,sensibilidad anormal de la piel,,,,,,,,,,,,,,,
339,7,952,ABSOLUTE LYMPHOCYTE COUNT,ALC,,,,,,,,,,,,,,,
340,7,126513,Sickle cell trait,rasgo de drepanocitosis,sikkelcel 'trait',Heterozygous for hemoglobin S,Trait hematies falciformes,SCT,SCT (sickle cell trait),Tras anemi falsifòm,,,,,,,,,
341,7,110277,Donor for Intestine Transplant,,,,,,,,,,,,,,,,
342,7,33334550,Caregiver attitude negative(Family and Social Aspect),,,,,,,,,,,,,,,,
343,6,33334047,Calot's triangle dissected,,,,,,,,,,,,,,,,
344,6,33334476,Lymphadenopathy(Clinical Examination),,,,,,,,,,,,,,,,
345,6,33334551,Withdrawn,,,,,,,,,,,,,,,,
346,6,33334530,Dysphagia Details,,,,,,,,,,,,,,,,
347,6,33334036,Cynosis,,,,,,,,,,,,,,,,
348,6,33334111,Patient is obese,,,,,,,,,,,,,,,,
349,6,33334048,Critical view of safety ascertained,,,,,,,,,,,,,,,,
350,6,33334354,Intesinal Stricture Benign,,,,,,,,,,,,,,,,
351,6,33334130,Cough Impule,,,,,,,,,,,,,,,,
352,6,33334141,Palmers Point,,,,,,,,,,,,,,,,
353,6,679,RED BLOOD CELLS,RBC,RB CELLS,RBCS,RBC count,Globules rouges,Globil wouj,,,,,,,,,,
354,6,1321,HEPATITIS B TEST (CUT-OFF OD),HEP B TEST (CUT-OFF OD),,,,,,,,,,,,,,,
355,6,855,ERYTHROCYTE SEDIMENTATION RATE,ESR,SED RATE,WESTERGREN SED RATE,Vitesse de Sedimentation,Vites sedimentasyon,,,,,,,,,,,
356,6,33334412,Anastomotic leak,,,,,,,,,,,,,,,,
357,6,33334470,Icterus,,,,,,,,,,,,,,,,
358,6,33334556,Denial(Emotional Stage),,,,,,,,,,,,,,,,
359,6,110771,Stromal Tumor of Digestive System,tumor del estroma gastrointestinal,gastro-intestinale strumale tumor (GIST),GIST (gastrointestinal stromal tumor),Gastro-intestinal stromal tumor,Tumeur stromale gastro-intestinale,,,,,,,,,,,
360,6,33334288,L/E,,,,,,,,,,,,,,,,
361,6,123824,Uncompensated Swallowing Impairment,alteración para deglutir no compensada,,,,,,,,,,,,,,,
362,6,175,DIABETES MELLITUS,diabetes mellitus,DM,,,,,,,,,,,,,,
363,6,33334347,Gynae problem,,,,,,,,,,,,,,,,
364,6,33334255,Comment (Allergy),,,,,,,,,,,,,,,,
365,6,33334291,Adhesions,,,,,,,,,,,,,,,,
366,6,33334177,Size(L/E),,,,,,,,,,,,,,,,
367,6,33334350,Haemorrhoids,,,,,,,,,,,,,,,,
368,6,133795,Mucous Extravasation Cyst of Salivary Gland,quiste mucoso por extravasación de glándula salival,muceuze extravasaat cyste van speekselklier,,,,,,,,,,,,,,
369,6,885,PAPANICOLAOU SMEAR,PAP SMEAR,PAP TEST,Frottis Papanicolaou,Papanicolaou tès,,,,,,,,,,,,
370,5,992,TINEA VERSICOLOR,pitiriasis versicolor,Pityriasis Versicolor,pityriasis versicolor,Разноцветный лишай,,,,,,,,,,,,
371,5,110133,Gassy Chest Pain,dolor de pecho,pijn op de borst,Nặng ngực,,,,,,,,,,,,,
372,5,110293,Secondary Testicular Hypogonadism,hipognonadismo hipogonadotrófico,hypogonadotroop hypogonadisme,,,,,,,,,,,,,,
373,5,121804,Adenocarcinoma of Stomach,adenocarcinoma gástrico,,,,,,,,,,,,,,,
374,5,33334127,L / E: Reducible,,,,,,,,,,,,,,,,
375,5,887,SERUM GLUCOSE,GLYCÉMIE,GLU,BLOOD SUGAR,GLUCOSE,"Glucose measurement, venous blood, random",Blood glucose,Egzamen sik,,,,,,,,,
376,5,56,URINE MICROSCOPY,ANALYSE MICROSCOPIQUE D'URINE,,,,,,,,,,,,,,,
377,5,121097,Blepharophimosis Syndrome,síndrome de blefarofimosis,,,,,,,,,,,,,,,
378,5,130974,Pancreatic Fistula,fístula pancreática,pancreasfistel,Rò tụy,,,,,,,,,,,,,
379,5,163187,Mean Arterial Pressure,Presyon ateryèl mwayen (MAP),MAP,La pression artérielle moyenne (PAM),,,,,,,,,,,,,
380,5,5470,ORDER COMPLETE BLOOD COUNT,,,,,,,,,,,,,,,,
381,5,33334457,Impression about Illness,,,,,,,,,,,,,,,,
382,5,33334489,Visceral Squeezing,,,,,,,,,,,,,,,,
383,5,33334113,No tenderness is present,,,,,,,,,,,,,,,,
384,5,1033,CHLAMYDIA TRACHOMATIS POLYMERASE CHAIN REACTION,CT PCR,CHLAMYDIA PCR,CT PCR,,,,,,,,,,,,,
385,5,116954,Inguinal Hernia,hernia inguinal,hernia inguinalis,Hernie inguinale,Thoát vị bẹn,èni enguinal,,,,,,,,,,,
386,5,33334287,Abdominal Scar,,,,,,,,,,,,,,,,
387,5,33334545,Community Non Supportive(Family and Social Aspect),,,,,,,,,,,,,,,,
388,5,33334105,Patient is a known diabetic on oral hypoglycemic medication,,,,,,,,,,,,,,,,
389,5,872,RUNNING NOSE,,,,,,,,,,,,,,,,
390,5,119702,Ovarian cyst,quiste ovárico,Cyst of ovary,Kyste de l’ovaire,U nang buồng trứng,Kis nan ovè,,,,,,,,,,,
391,5,118864,Diverticulosis of Sigmoid,diverticulosis de colon sigmoides,,,,,,,,,,,,,,,
392,5,33334096,PB+ : The pain radiates to back,,,,,,,,,,,,,,,,
393,5,160912,Fasting blood glucose measurement (mg/dL),Fasting blood sugar measurement (mg/dL),Fasting blood glucose,Glycémie a jeun (mg/dL),Mesure à jeun de glucose dans le sang (mg / dl),,,,,,,,,,,,
394,5,33334123,L / E: Swelling,,,,,,,,,,,,,,,,
395,5,33334394,Rectum Prolapse,,,,,,,,,,,,,,,,
396,5,160914,Post-prandial blood sugar measurement (mg/dL),PPBS,Post-prandial blood glucose measurement (mg/dL),Glucose measurement after a meal (mg/dL),Glycémie post prandial (mg/dL),Glycémie postprandiale (mg / dL),,,,,,,,,,,
397,5,33334070,Contents in IPOM,,,,,,,,,,,,,,,,
398,5,33334319,Ca Caecum,,,,,,,,,,,,,,,,
399,5,33334370,Lower GI Bleeding,,,,,,,,,,,,,,,,
400,5,33334474,Cyanosis(Clinical Examination),,,,,,,,,,,,,,,,
401,5,33334137,Cystic duct,,,,,,,,,,,,,,,,
402,5,33334071,Mesh in IPOM,,,,,,,,,,,,,,,,
403,5,33334148,Liver (Laparoscopic Cholecystectomy),,,,,,,,,,,,,,,,
404,4,33334072,Size in IPOM,,,,,,,,,,,,,,,,
405,4,33334307,Adrenal Tumour,,,,,,,,,,,,,,,,
406,4,33334455,Comments(Patient Diagnosis Revealed By),,,,,,,,,,,,,,,,
407,4,301,HB,,,,,,,,,,,,,,,,
408,4,33334258,Other Scars,,,,,,,,,,,,,,,,
409,4,33334181,Hb,,,,,,,,,,,,,,,,
410,4,33334272,DateTime (PFT),,,,,,,,,,,,,,,,
411,4,33334112,Patient is morbidly obese,,,,,,,,,,,,,,,,
412,4,127847,Rectovaginal fistula,fístula rectovaginal,RECTOVAGINAL rò,,,,,,,,,,,,,,
413,4,33334296,IPOM,,,,,,,,,,,,,,,,
414,4,33334385,Polyposis coli,,,,,,,,,,,,,,,,
415,4,33334092,Other Procedures in Sleeve Gastrectomy,,,,,,,,,,,,,,,,
416,4,116331,Leukemia,leucemia,Leucémie myéloïde chronique,Bệnh bạch cầu,,,,,,,,,,,,,
417,4,33334119,Abdomina Scar: Laparoscopic,,,,,,,,,,,,,,,,
418,4,33334206,Lipase(BI),,,,,,,,,,,,,,,,
419,4,1688,RECURRENCE OF DISEASE,disease recurrence,RÉAPPARENCE DE LA MALADIE,,,,,,,,,,,,,,
420,4,117885,Gastrointestinal Fistula,fístula gastrointestinal,,,,,,,,,,,,,,,
421,4,139547,Generalised abdominal pain,dolor abdominal generalizado,gegeneraliseerde buikpijn,Douleurs abdominales généralisées,Doulè nan tout vant,,,,,,,,,,,,
422,4,33334171,Coronary Artery Disease (Past Medical History),,,,,,,,,,,,,,,,
423,4,33334449,CCI Grade V (Death),,,,,,,,,,,,,,,,
424,4,149197,Acquired immunodeficiency syndrome,SIDA,AIDS,AIDS (acquired immunodeficiency syndrome),AIDS (acquired immune deficiency syndrome),Syndrome d'immunodéficience acquise,SIDA,Suy giảm miễn dịch mắc phải,Sydrome de 'IMMUNODÉFICIENCE Acquise (SIDA),Maladi SIDA,,,,,,,
425,4,33334067,Omental in IPOM,,,,,,,,,,,,,,,,
426,4,33334316,Ca Appendix,,,,,,,,,,,,,,,,
427,4,33334252,HTM- : Patient not taking medication,,,,,,,,,,,,,,,,
428,4,5514,OUTSIDE HC PRIVATE DR,,,,,,,,,,,,,,,,
429,4,135507,Lupus Panniculitis,paniculitis por lupus,lupus panniculitis,,,,,,,,,,,,,,
430,4,149607,Acute Pancreatitis,pancreatitis aguda,acute pancreatitis,,,,,,,,,,,,,,
431,4,33334069,Adhesilysis done in IPOM,,,,,,,,,,,,,,,,
432,4,6039,HEADACHE,,,,,,,,,,,,,,,,
433,4,128273,Pseudomyxoma Peritonei,seudomixoma peritoneal,pseudomyxoma peritonei,,,,,,,,,,,,,,
434,4,33334267,EUS/ERCP,,,,,,,,,,,,,,,,
435,4,137311,Infection due to Mycobacterium Kansasii,infección por Mycobacterium kansasii,infectie door Mycobacterium kansasii,,,,,,,,,,,,,,
436,4,1015,HEMATOCRIT,Hématocrite,ni kiasi cha chembe chembe nyeundu za damu mwilini,HCT,CRIT,HCT,PACKED CELL VOLUME,PCV,Ematokrit,,,,,,,,
437,4,33334056,Laproscopic HERNIA Repair,,,,,,,,,,,,,,,,
438,4,114382,Pancreatitis,pancreatitis,pancreatitis,,,,,,,,,,,,,,
439,4,33334126,L / E: Bilateral,,,,,,,,,,,,,,,,
440,4,33334162,Other Comments (History),,,,,,,,,,,,,,,,
441,4,156786,infection by Baylisascaris,,,,,,,,,,,,,,,,
442,4,33334138,Normal (Cystic duct),,,,,,,,,,,,,,,,
443,3,5014,HIV STAGING - BACTERIAL INFECTION,,,,,,,,,,,,,,,,
444,3,120889,Carcinoma of Stomach,carcinoma de estómago,,,,,,,,,,,,,,,
445,3,159382,PHTC,Post HIV test counseling,conseils de post test VIH,Post tès konsèy VIH,,,,,,,,,,,,,
446,3,33334150,Comments (Laproscopic HERNIA Repair),,,,,,,,,,,,,,,,
447,3,141,Typhoid fever,fiebre tifoidea,Enteric fever,tyfuskoorts,Fievre Typhoide,Брюшной тиф,Lafyèv tifoyid,,,,,,,,,,
448,3,161157,12-lead electrocardiogram,Electrocardiography,ECG/EKG,,,,,,,,,,,,,,
449,3,33334073,Fixation in IPOM: Tacks,,,,,,,,,,,,,,,,
450,3,33334323,Ca jejunum,,,,,,,,,,,,,,,,
451,3,1023,MONOCYTES,MONOS,MONOS,,,,,,,,,,,,,,
452,3,110317,Distal Intestinal Obstruction Syndrome,síndrome de obstrucción intestinal distal,,,,,,,,,,,,,,,
453,3,33334128,L / E: Partially Reducible,,,,,,,,,,,,,,,,
454,3,111572,Vascular Insufficiency of Intestine,insuficiencia vascular intestinal,,,,,,,,,,,,,,,
455,3,142592,Dengue,ugonjwa wa magharibi mwa afrika,dengue,Dengue,Dengue,dengue koorts,Dengue fever,Deng,,,,,,,,,
456,3,162419,Gas,,,,,,,,,,,,,,,,
457,3,1320,HEPATITIS B TEST (OD) - QUANTITATIVE,HEP B TEST (OD) - QUANT,,,,,,,,,,,,,,,
458,3,302,URINALYSIS ORDER,ANALYSE D'URINE,UA,,,,,,,,,,,,,,
459,3,1428,STI TREATMENT DATE,Date de traitement des IST,STD Tx date,STD treatment date,,,,,,,,,,,,,
460,3,5956,COUGH,,,,,,,,,,,,,,,,
461,3,114714,Orgasm Disorder,trastorno orgásmico,orgasmestoornis,,,,,,,,,,,,,,
462,3,162262,Liter,L,,,,,,,,,,,,,,,
463,3,33334049,Adhesiolysis done,Adhesiolysis done in LC,,,,,,,,,,,,,,,
464,3,33334259,Other Examination Findings,,,,,,,,,,,,,,,,
465,3,895,UPPER RESPIRATORY TRACT INFECTION,infección de vías respiratorias superiores,bovenste luchtweginfectie,,,,,,,,,,,,,,
466,3,113214,RBBB Plus LA Hemiblock,bloqueo de la rama derecha del fascículo Y bloqueo fascicular anterior izquierdo,,,,,,,,,,,,,,,
467,3,158211,Oxygen desaturation,Désaturation en oxygène,Dezatirasyon nan oksijen,,,,,,,,,,,,,,
468,3,33334228,T3/T4/TSH,,,,,,,,,,,,,,,,
469,3,1006,TOTAL CHOLESTEROL,CHOL,CHOLESTEROL,CHOLESTÉROL TOTAL,kolestewòl total,,,,,,,,,,,,
470,3,1030,"HIV DNA POLYMERASE CHAIN REACTION, QUALITATIVE","TEST VIH (PSR), QUALITATIF",ni hali ya  nzunguko wa usambazaji wa virusi vya ukimwi kwa kureact na chembechembe mwilini,HIV PCR Qual,HIV PCR QUAL,HIV QUAL,Tes VIH (PCR),,,,,,,,,,
471,3,1449,Gestational diabetes,Diabète gestationnel,kisukari kinachotokea wakati wa ujauzito (mimba),dyabèt jèstasyonèl,,,,,,,,,,,,,
472,3,112749,Staphylococcal Gastroenteritis,gastroenteritis estafilocócica,gastro-enteritis door stafylokokken,,,,,,,,,,,,,,
473,3,33334297,Adhesions (IPOM),,,,,,,,,,,,,,,,
474,3,110465,Foot Laceration,laceración del pie,Foot rách,,,,,,,,,,,,,,
475,3,117680,Haemangioma,hemangioma,hemangioma,hemangioom,Hémangiome,U mạch máu,Bướu mạch máu,,,,,,,,,,
476,3,162571,Patient,Patient,Pasyan,,,,,,,,,,,,,,
477,3,33334065,Omental in LC,,,,,,,,,,,,,,,,
478,3,33334183,Platelet,,,,,,,,,,,,,,,,
479,3,145625,Cholelithiasis,"Cholelithiasis, NOS",Cholélithiase,Sỏi mật,Sỏi đường mật,,,,,,,,,,,,
480,3,33334156,Fever (History),,,,,,,,,,,,,,,,
481,3,162351,Bar,Bar(s),,,,,,,,,,,,,,,
482,3,481,Dislocation,luxación de una articulación,Dislocated Joint,Dislocation,Debwatman,,,,,,,,,,,,
483,3,110488,Transcobalamin II Deficiency,deficiencia de transcobalamina II,transcobalamine II deficiëntie anemie,Дефицит транскобаламина II,,,,,,,,,,,,,
484,3,129360,Postoperative Biliary Stricture,estrechez biliar postoperatoria,postoperatieve galwegstrictuur,,,,,,,,,,,,,,
485,3,33334104,Patient is a know diabetic on diet control,,,,,,,,,,,,,,,,
486,3,33334235,2D ECHO Comment,,,,,,,,,,,,,,,,
487,3,208,DUODENAL ULCER,enfermedad ulcerosa del duodeno,ULCER DUODENAL,duodenumulcus,,,,,,,,,,,,,
488,3,1008,LOW-DENSITY LIPOPROTEIN CHOLESTEROL,LDL,LDL,Lipoprotéines de basse densité CHOLESTÉROL,Lipoprotein dansite ba kolestewòl,,,,,,,,,,,,
489,3,118821,DUODENAL ULCER,enfermedad ulcerosa del duodeno,Ulcère du duodénum,Tá tràng,,,,,,,,,,,,,
490,3,163686,Prezans levi  nan sediman pipi  pa mikwoskospi,Yeast presence in urine sediment by light microscopy,Présence de levure dans les sédiments  de l'urine par microscope optique,Yeast urine test,Test de levure dans l'urine,Tès levi nan pipi,,,,,,,,,,,
491,3,1034,"CHLAMYDIA TRACHOMATIS POLYMERASE CHAIN REACTION, QUALITATIVE",CT QUAL,CHLAMYDIA PCR QUAL,CT PCR QUAL,,,,,,,,,,,,,
492,3,33334006,Registration Fee,,,,,,,,,,,,,,,,
493,3,507,KAPOSI'S SARCOMA OF SKIN,sarcoma de Kaposi (clínico),KAPOSI SARCOMA,KS,Саркома Капоши кожи,Sarcome de kaposi de la peau,Sakom kaposi po,,,,,,,,,,
494,3,1009,TRIGLYCERIDES,TG,TG,TRIG,TRIGLYCÉRIDES,trigliserid,,,,,,,,,,,
495,3,161461,Ziehl-Neelsen stain test,Acid fast bacilli test,AFB test,,,,,,,,,,,,,,
496,3,8,BILIARY TRACT DISEASE NOT OTHERWISE SPECIFIED,BILIARY TRACT DISEASE NOS,"MALADIE DES VOIES BILIAIRES, NON SPECIFIÉ AUTREMENT",پتے کی بیماری، تفصیلات موجود نہیں,,,,,,,,,,,,,
497,3,162361,in,Inch,Inch(es),,,,,,,,,,,,,,
498,3,33334095,PRIF+ : Pain in the right illiac fossa,,,,,,,,,,,,,,,,
499,3,1855,In good health,good health,stable,EN BONNE SANTÉ,HEALTHY,,,,,,,,,,,,
500,3,110517,Hereditary Nonpolyposis Colon Cancer,cáncer de colon no relacionado con poliposis hereditaria,,,,,,,,,,,,,,,
501,3,1335,ABSOLUTE IMMATURE CELL COUNT,,,,,,,,,,,,,,,,
502,3,110786,Carbon Dioxide in Blood Increased,hipercapnia,hypercapnie,,,,,,,,,,,,,,
503,3,33334159,Vomiting (History),,,,,,,,,,,,,,,,
504,3,1041,"HIV ENZYME IMMUNOASSAY, QUANTITATIVE","TEST VIH (ELISA), QUANTITATIF",Ukimwi ulioenea zaidi,HIV EIA QUANT,HIV EIA QUANT,HIV ELISA QUANT,,,,,,,,,,,
505,3,111013,Gastrocnemius Tendon Rupture,ruptura del tendón del gemelo,ruptura de tendón de músculo gemelo,,,,,,,,,,,,,,
506,3,142100,Disorder of Connective Tissue,trastorno del tejido conectivo,,,,,,,,,,,,,,,
507,3,33334054,Gallstone Size,,,,,,,,,,,,,,,,
508,3,33334175,TMGB+: Mild Tenderness present,,,,,,,,,,,,,,,,
509,3,1014,LACTATE DEHYDROGENASE,LDH,LACTIC DEHYDROGENASE,LD,LDH,TOTAL LDH,Lactate déshydrogénase,Laktat deidrojenaz,,,,,,,,,
510,3,10,"BRONCHITIS, ACUTE",bronquitis aguda,ACUTE BRONCHITIS,"BRONCHITE, AIGUE",سانس کی نالی کا ایسا انفیکشن جو دنوں یا ہفتوں میں ہوا ہو,,,,,,,,,,,,
511,3,1488,NON-PRODUCTIVE COUGH,Toux sèche,dry cough,Tous Sèk,,,,,,,,,,,,,
512,3,5360,CURRENT OI THERAPY,,,,,,,,,,,,,,,,
513,3,33334097,PS+ : The pain radiates to shoulder,,,,,,,,,,,,,,,,
514,3,33334147,GBT+ : Gallbladder was tense with bile,,,,,,,,,,,,,,,,
515,3,823,Wasting syndrome,enfermedad consuntiva,Wasting Disease,HIV wasting syndrome,Syndrome cachectique,Po ven zo,,,,,,,,,,,
516,3,110834,Gastritis,gastritis,Gastrite,"Gastritis, nos",Viêm dạ dày,Viêm bao tử,Gastrit,,,,,,,,,,
517,3,118883,Disassociation Disorder,trastorno disociativo,Conversion Disorder,"Hysterical neurosis, conversion type",Hysterical disorder,Disassociation Rối loạn,,,,,,,,,,,
518,3,161505,TSH measurement,Thyroid stimulating hormone test,TSH test,TSH level,Thyroid test de stimulant hormonal,Tès tiwoyid stimilan òmònal,,,,,,,,,,,
519,3,33334161,Comment (APD History),,,,,,,,,,,,,,,,
520,3,33334098,APD,,,,,,,,,,,,,,,,
521,3,33334268,PFT,,,,,,,,,,,,,,,,
522,3,1920,Infusion Kit,IV kit,IV Kit,,,,,,,,,,,,,,
523,3,110129,Acute Necrotising Myelitis,mielitis necrosante aguda,,,,,,,,,,,,,,,
524,3,130511,Perinatal Jaundice due to Inspissated Bile Syndrome,ictericia perinatal por síndrome de bilis espesa,,,,,,,,,,,,,,,
525,3,107,COUGH,,,,,,,,,,,,,,,,
526,3,111455,"Injury due to War Operations by Gases, Fumes, and Chemicals","herida de guerra por gases, vapores o sustancias químicas",,,,,,,,,,,,,,,
527,2,183,HYPERTENSION,hipertensión arterial,,,,,,,,,,,,,,,
528,2,1298,VERY LOW DENSITY LIPOPROTEIN,VLDL,VLDL-CHOLESTEROL,Lipoprotéines de très basse densité,Dansite lipoprotein ki ba anpil,,,,,,,,,,,,
529,2,111737,Type II Diabetes Mellitus with Renal Manifestations,trastorno renal asociado con diabetes mellitus de tipo II,,,,,,,,,,,,,,,
530,2,33334190,(F) BS,,,,,,,,,,,,,,,,
531,2,127750,REFUSAL OF TREATMENT BY PATIENT,rechazo del tratamiento por el paciente,REFUS DE TRAITEMENT PAR LE PATIENT,Patient refused treatment,Pasyan pa vle pran medikaman,,,,,,,,,,,,
532,2,164087,Tall,Tall stature,,,,,,,,,,,,,,,
533,2,33334164,Daytime somnolence (Sleeve History),,,,,,,,,,,,,,,,
534,2,33334201,Globulin,,,,,,,,,,,,,,,,
535,2,33334257,Comment: Severe tenderness present,,,,,,,,,,,,,,,,
536,2,113172,Salmonella Gastroenteritis,gastroenteritis por Salmonella,gastro-enteritis door Salmonella,,,,,,,,,,,,,,
537,2,136437,Jejunal Ulcer,úlcera yeyunal,,,,,,,,,,,,,,,
538,2,157476,leiomyoma of small intestine,,,,,,,,,,,,,,,,
539,2,160432,Dead,,,,,,,,,,,,,,,,
540,2,33334100,Diet Preference,,,,,,,,,,,,,,,,
541,2,33334179,Irreducible,,,,,,,,,,,,,,,,
542,2,33334221,TG/LDL/VLDL/HDL,,,,,,,,,,,,,,,,
543,2,33334271,DateTime (Upper GI Endoscopy),,,,,,,,,,,,,,,,
544,2,5015,HIV STAGING - PEDS THRUSH,,,,,,,,,,,,,,,,
545,2,116225,Low back pain,lumbalgia,Lumbago,Lumbar pain,LBP (low back pain),Đau thắt lưng,Боль внизу спины,,,,,,,,,,
546,2,33334191,(PP) BS,,,,,,,,,,,,,,,,
547,2,33334246,Gallstone Sludge,,,,,,,,,,,,,,,,
548,2,33334541,Fistula Details,,,,,,,,,,,,,,,,
549,2,155299,bile leak,,,,,,,,,,,,,,,,
550,2,33334165,Joint Pain (Sleeve History),,,,,,,,,,,,,,,,
551,2,33334202,SGOT,,,,,,,,,,,,,,,,
552,2,28,Viral Hepatitis C,hepatitis viral tipo C,HEPATITIS C,HÉPATITE C,وائرل ہیپاٹائٹس سی,,,,,,,,,,,,
553,2,396,OTHER X-RAY,X-RAY OTHER,,,,,,,,,,,,,,,
554,2,113185,Splenic Rupture,ruptura de bazo,miltruptuur,,,,,,,,,,,,,,
555,2,157544,Lower abdominal pain,Douleurs abdominales basses,Doulè anba vant,,,,,,,,,,,,,,
556,2,160523,"Follow-up Visit, Regular",Regular follow up visit,"Visite de suivi, régulier	","Vizit Suivi, regilye",,,,,,,,,,,,,
557,2,33334101,Back Ache,,,,,,,,,,,,,,,,
558,2,33334140,Long Length (Cystic duct),,,,,,,,,,,,,,,,
559,2,33334222,HSCRP,,,,,,,,,,,,,,,,
560,2,5016,Cardiomyopathy,miocardiopatía,Nonischemic Cardiomyopathy,Cardiomyopathie,Maladi ke,Miocardiopatía,,,,,,,,,,,
561,2,110145,Renal Tract Candidiasis,candidiasis de vías urinarias,Thận Tract candida,,,,,,,,,,,,,,
562,2,150587,Abscess of Liver,absceso de hígado,Liver abscess,Hepatic abscess,leverabces,Áp xe gan,Абсцесс печени,,,,,,,,,,
563,2,161158,ERA,Estrogen Receptor Assay,,,,,,,,,,,,,,,
564,2,163267,Date of last PAP test,Date of last papanicolaou test,Date du denier papanicolaou test,Date du dernier pap test,Dat denye pap tes,,,,,,,,,,,,
565,2,33334154,Comment (Fever History),,,,,,,,,,,,,,,,
566,2,33334192,(R) BS,,,,,,,,,,,,,,,,
567,2,33334247,Cartridges (SG),,,,,,,,,,,,,,,,
568,2,33334383,Pilonidal sinus,,,,,,,,,,,,,,,,
569,2,122099,Acute Cholestatic Jaundice Syndrome,síndrome de ictericia colestásica aguda,,,,,,,,,,,,,,,
570,2,33334091,Comments in Sleeve Gastrectomy,,,,,,,,,,,,,,,,
571,2,33334166,Comment (Failed Attempt at weight loss),,,,,,,,,,,,,,,,
572,2,33334203,SGPT,,,,,,,,,,,,,,,,
573,2,33334407,Wound Dehiscence,,,,,,,,,,,,,,,,
574,2,117655,Hemiplegia,hemiplejía,Hémiplégie,Emipleji,,,,,,,,,,,,,
575,2,136528,Irreducible Incisional Hernia,hernia incisional irreductible,,,,,,,,,,,,,,,
576,2,33334064,Peritoneal Flag Closed,,,,,,,,,,,,,,,,
577,2,33334102,Failed attempt at weight loss,,,,,,,,,,,,,,,,
578,2,33334182,TLC,,,,,,,,,,,,,,,,
579,2,33334312,Angioma small intestine,,,,,,,,,,,,,,,,
580,2,33334424,Comment(Pain),,,,,,,,,,,,,,,,
581,2,110170,Generalized Seborrheic Dermatitis of Infants,dermatitis seborreica generalizada del lactante,,,,,,,,,,,,,,,
582,2,110635,Elevated Blood Lead Level,nivel elvado de plomo en sangre,,,,,,,,,,,,,,,
583,2,118631,Endometriosis,endometriosis (trastorno clínico),Endométriose,Lạc nội mạc tử cung,,,,,,,,,,,,,
584,2,163380,Respiratory rate set,Groupe rythme respiratoire,Gwoup respirasyon pa minit,,,,,,,,,,,,,,
585,2,33334075,Fixation in IPOM: Suture,,,,,,,,,,,,,,,,
586,2,33334193,BUN,,,,,,,,,,,,,,,,
587,2,33334248,Endo stapler,,,,,,,,,,,,,,,,
588,2,120,Allergic dermatitis,dermatitis atópica,"Dermatitis, allergic",Allergic rash,Rash allergic,,,,,,,,,,,,
589,2,134495,Meckel's Diverticulum,divertículo de Meckel,divertikel van Meckel,Diverticule de Meckel,Дивертикул Меккеля,,,,,,,,,,,,
590,2,33334167,Other History Finding (Sleeve History),,,,,,,,,,,,,,,,
591,2,33334204,Alk Phosphate,,,,,,,,,,,,,,,,
592,2,33334260,S.Iron,,,,,,,,,,,,,,,,
593,2,901,FEVER OF UNKNOWN ORIGIN,fiebre de origen desconocido,FUO,PUO,PYREXIA OF UNKNOWN ORIGIN,koorts van onbekende oorsprong,,,,,,,,,,,
594,2,1655,Reason for admission,Admit Reason,MOTIF D'ADMISSION,Rezon pou admisyon,,,,,,,,,,,,,
595,2,148904,Anal Fissure,fisura anal,anale fissuur,Fissure anale,Nứt hậu môn,,,,,,,,,,,,
596,2,33334103,Patient denies history of hypertension,,,,,,,,,,,,,,,,
597,2,33334274,DateTime (Sleep Study),,,,,,,,,,,,,,,,
598,2,33334357,Intestinal Lymphoma,,,,,,,,,,,,,,,,
599,2,33334425,Comment(Hypertension),,,,,,,,,,,,,,,,
600,2,1322,HEPATITIS B TEST - QUALITATIVE,HEP B TEST - QUAL,Test Hépatite B - Qualitative,Tès Epatit B  - Kalitatif,,,,,,,,,,,,,
601,2,5021,HIV STAGING - HSV BRONCHITIS,,,,,,,,,,,,,,,,
602,2,110199,Sleep Disordered Breathing,trastorno del sueño relacionado con la respiración,Ngủ thở bị chứng rối loạn,,,,,,,,,,,,,,
603,2,33334194,Creatinine,,,,,,,,,,,,,,,,
604,2,1458,SERUM GLUCOSE (MMOL),GLYCÉMIE (MMOL),GLU,,,,,,,,,,,,,,
605,2,5226,WEAKNESS,FAIBLESSE,feblès,,,,,,,,,,,,,,
606,2,110930,Color Anomia,afasia anómica,,,,,,,,,,,,,,,
607,2,134910,Malignant Retroperitoneal Tumor,tumor retroperitoneal maligno,maligne neoplasma van het retroperitoneaal weefsel,,,,,,,,,,,,,,
608,2,147241,Bleeding,hemorragia,Saignement,Kutokwa damu isivyo kawaida,Hemorrhage,Hémorragie,,,,,,,,,,,
609,2,33334005,Registration Complaint,,,,,,,,,,,,,,,,
610,2,33334051,GB: Thick Walled,,,,,,,,,,,,,,,,
611,2,33334170,Comment (Hypothyroidism),,,,,,,,,,,,,,,,
612,2,33334261,S.Folic Acid,,,,,,,,,,,,,,,,
613,2,36,MEASLES VACCINATION,MEASLES IMMUNIZATION,VACCIN ANTI-ROUGEOLE,Measles Vaccination,,,,,,,,,,,,,
614,2,902,Pelvic inflammatory disease,enfermedad inflamatoria pélvica en la mujer,Inflammatory Disease of Female Pelvic Organs and Tissues,PID,Affections inflammatoires pelviennes,Basen maladi enflamatwa,,,,,,,,,,,
615,2,1215,HIV STAGING - RECURRENT BACTERIAL PNEUMONIA,RECURRENT PNEUMONIA,STADE VIH - PNEUMONIE BACTÉRIENNE RÉCURRENTE,ESTAD VIH - Pnemoni ak bakteri,,,,,,,,,,,,,
616,2,111687,Unknown cause of morbidity or mortality,tipo de muerte no determinada,Cause inconnue mortalitie,,,,,,,,,,,,,,
617,2,115779,Migraine,migraña,migraine headache,"Headache, migraine",Đau nửa đầu,Thiên đầu thống,,,,,,,,,,,
618,2,158419,polyunsaturated fatty acid lipidosis,,,,,,,,,,,,,,,,
619,2,33334066,Bowel in LC,,,,,,,,,,,,,,,,
620,2,33334184,DLC,,,,,,,,,,,,,,,,
621,2,33334275,Staple line imnricated with,,,,,,,,,,,,,,,,
622,2,33334314,Bleeding from angioma in duodenal diverticulum,,,,,,,,,,,,,,,,
623,2,33334426,Comment(Coronary Artery Disease),,,,,,,,,,,,,,,,
624,2,133110,Neuroendocrine Tumor,tumor neuroendócrino,NET (neuroendocrine tumor),Khối u thần kinh nội tiết,,,,,,,,,,,,,
625,2,33334120,Abdomina Scar: Pfannensteil,,,,,,,,,,,,,,,,
626,2,33334157,Jaundice (History),,,,,,,,,,,,,,,,
627,2,33334195,Calcium(BI),,,,,,,,,,,,,,,,
628,2,110957,Mechanical Complication of Prosthetic Hip Implant,complicación mecánica de prótesis articular interna,,,,,,,,,,,,,,,
629,2,147365,Bilateral Inguinal Hernia,hernia inguinal bilateral,dubbelzijdige hernia inguinalis,"Hernie inguinale bilatérale, sans occlusion ni gangrène",,,,,,,,,,,,,
630,2,159993,stool,Feces,MATIÈRES FÉCALES,,,,,,,,,,,,,,
631,2,33334207,PT(BI),,,,,,,,,,,,,,,,
632,2,33334262,Vit B12,,,,,,,,,,,,,,,,
633,2,903,HYPERTENSION,hipertensión arterial,HTN,,,,,,,,,,,,,,
634,2,1692,Discharged,d/c'd,DÉCHARGE SIGNÉE,Egzeyate,Dechaj,,,,,,,,,,,,
635,2,33334185,ESR,,,,,,,,,,,,,,,,
636,2,33334239,Treatment Advice,,,,,,,,,,,,,,,,
637,2,33334276,Comment (Right TEP/TAPP),,,,,,,,,,,,,,,,
638,2,86,"ACCIDENT, MOTOR VEHICLE",acidosis tubular renal,MOTOR VEHICLE ACCIDENT,MVA,Renal Tubular Acidosis,ROAD TRAFFIC ACCIDENT,RTA,Accident de la route,,,,,,,,,
639,2,729,Platelets,Plaquettes,BLOOD PLATELET,PLTS,THROMBOCYTE,Platelet count,Plakèt,,,,,,,,,,
640,2,1324,HEPATITIS C TEST (CUT-OFF OD),HEP C TEST (CUT-OFF OD),,,,,,,,,,,,,,,
641,2,146112,Cat Bite,mordedura de gato,"BITE, CAT",,,,,,,,,,,,,,
642,2,159551,Traditional healer diagnosis comment,,,,,,,,,,,,,,,,
643,2,33334121,Abdomina Scar: Midlintte (supraumbilical/infraumbilical),,,,,,,,,,,,,,,,
644,2,33334158,Comment (Jaundice History),,,,,,,,,,,,,,,,
645,2,33334196,Sodium(BI),,,,,,,,,,,,,,,,
646,2,307,SPUTUM FOR ACID FAST BACILLI,Crachat BAAR,AFB SMEAR SPUTUM,SPUTUM FOR AFB,ZIEHL NIELSEN STAIN,ZN STAIN,Krache pou Tibekiloz,Ziehl–Neelsen stain,Coloration de Ziehl-Neelsen,Krache pou BAAR,Kolorasyon Ziehl-Neelsen,,,,,,
647,2,115148,Gastric Irritation,dispepsia no ulcerosa,Kích ứng dạ dày,,,,,,,,,,,,,,
648,2,33334134,Mucocele,,,,,,,,,,,,,,,,
649,2,33334172,Other Comments (Past Medical History),,,,,,,,,,,,,,,,
650,2,33334208,APTT,,,,,,,,,,,,,,,,
651,2,33334263,Vit D3,,,,,,,,,,,,,,,,
652,2,110112,Cancer of Lymphatic and Hematopoietic Tissue,"tumor maligno de tejido hematopoyético, linfático o relacionado",Hematologic malignancy,Haematologic malignancy,,,,,,,,,,,,,
653,2,117905,GASTRIC ULCER,úlcera gástrica,Ulcère de l'estomac,Loét dạ dày,,,,,,,,,,,,,
654,2,33334106,Patient is a known diabetic on Insulin,,,,,,,,,,,,,,,,
655,2,33334186,HIV,,,,,,,,,,,,,,,,
656,2,33334240,Collect HPE,,,,,,,,,,,,,,,,
657,2,33334277,Comment (Left TEP/TAPP),,,,,,,,,,,,,,,,
658,2,1011,Creatine kinase,CK,CK,CPK,CREATININE KINASE,CREATININE PHOSPHOKINASE,TOTAL CK,Créatine kinase,Kreatinin kinaz,Keating kinaz,,,,,,,
659,2,112320,"Toxic Effect of Gas, Fumes or Vapors","efecto tóxico del gas, del humo Y/O de los vapores",,,,,,,,,,,,,,,
660,2,133540,Myopia,miopía,myopie,Cận thị,Миопия,,,,,,,,,,,,
661,2,151451,Colostomy Status,"colostomía, presente",aanwezigheid van colostomie,Наличие колостомы,,,,,,,,,,,,,
662,2,33334122,Abdomina Scar: McBurney's,,,,,,,,,,,,,,,,
663,2,33334197,Potassium(BI),,,,,,,,,,,,,,,,
664,2,33334253,Recently diagnosed hypertension,,,,,,,,,,,,,,,,
665,2,33334331,Ca small bowel,,,,,,,,,,,,,,,,
666,2,33334389,Portal Hypertension NCPF,,,,,,,,,,,,,,,,
667,2,875,GENERAL BODYACHE,,,,,,,,,,,,,,,,
668,2,128095,Pulsating Exophthalmos,exoftalmos pulsátil,pulserende exoftalmie,Lồi mắt kèm rung,,,,,,,,,,,,,
669,2,33334135,Empyema (GB+),,,,,,,,,,,,,,,,
670,2,33334209,Uric Acid,,,,,,,,,,,,,,,,
671,2,1284,PROBLEM LIST,DIAGNOSIS LIST,Coded diagnoses for problem list,LISTE DE PROBLÈME,LIS PWOBLÈM,,,,,,,,,,,,
672,2,110520,Gastric Lymphoma,linfoma gástrico,,,,,,,,,,,,,,,
673,2,116017,Malignant Neoplasm of Esophagus,tumor maligno del esófago,maligne slokdarmneoplasma,,,,,,,,,,,,,,
674,2,144089,Congenital Choledochal Cyst,quiste coledociano congénito,congenitale choledochuscyste,,,,,,,,,,,,,,
675,2,33334107,Patient denies history of diabetes,,,,,,,,,,,,,,,,
676,2,33334187,HCV,,,,,,,,,,,,,,,,
677,2,33334241,Course in Hospital,,,,,,,,,,,,,,,,
678,2,110793,Metastatic primary lung cancer,neoplasia maligna de pulmón,neoplasia maligna primaria de pulmón,Ung thư phổi di căn nguyên phát,,,,,,,,,,,,,
679,2,33334160,Comment (Vomiting History),,,,,,,,,,,,,,,,
680,2,33334198,Bilirubin T/D,,,,,,,,,,,,,,,,
681,2,375,X-RAY CHEST,,,,,,,,,,,,,,,,
682,2,111035,Intrauterine Death,muerte fetal intrauterina,,,,,,,,,,,,,,,
683,2,156462,gastric perforation,Thủng dạ dày,,,,,,,,,,,,,,,
684,2,33334055,Comments in Laparoscopic Cholecystectomy,,,,,,,,,,,,,,,,
685,2,33334136,Gangrenous (GB+),,,,,,,,,,,,,,,,
686,2,33334176,TMGB+: Severe Tenderness present,,,,,,,,,,,,,,,,
687,2,33334214,Urine(Routine & Microscopy,,,,,,,,,,,,,,,,
688,2,177,Fracture,fractura ósea,Bone Fracture,Fracture NOS,Fracture,Zo kase,,,,,,,,,,,
689,2,951,VARICOSE LEG ULCERS,úlcera de la extremidad inferior,LEG ULCERS,Ulcer of Lower Limbs,VARICOSE VEINS WITH ULCERATION,ulcus van de onderste extremiteit,,,,,,,,,,,
690,2,33334108,Hypothroidism,,,,,,,,,,,,,,,,
691,2,33334188,HBsAg,,,,,,,,,,,,,,,,
692,2,159644,glycosylated hemoglobin A measurement,HbA1c,Mesure de l'hémoglobine glyquée,Mezi emoglobin glikozile,,,,,,,,,,,,,
693,2,33334199,T. Protein,,,,,,,,,,,,,,,,
694,2,6079,MISSED TB TO ILL,,,,,,,,,,,,,,,,
695,2,128298,Pseudocyst of Pancreas,seudoquiste pancreático,pseudocyste van het pancreas,Pseudokyste du pancréas,Ложная киста поджелудочной железы,,,,,,,,,,,,
696,2,33334215,Fasting C Peptide / PP Peptide,,,,,,,,,,,,,,,,
697,2,113776,Stage IV Cancer of the Bladder,neoplasia maligna de la vejiga,neoplasia maligna primaria de la vejiga,,,,,,,,,,,,,,
698,2,120721,Carcinoma of Gallbladder and Extrahepatic Bile Ducts,colangiocarcinoma de vías biliares,,,,,,,,,,,,,,,
699,2,144551,COMMON COLD,resfrío común,,,,,,,,,,,,,,,
700,2,159098,Toxic liver disease,Hepatotoxicity,Hepatic toxicity,Hépatotoxicité,Epatotoksik,,,,,,,,,,,,
701,2,162881,Date medication last taken,,,,,,,,,,,,,,,,
702,2,33334109,Anti Plateletes drugs stopped since,,,,,,,,,,,,,,,,
703,2,33334189,HbA1c,,,,,,,,,,,,,,,,
704,2,33334243,Amylase (BI),,,,,,,,,,,,,,,,
705,2,33334372,Mesenteric Tumour,,,,,,,,,,,,,,,,
706,2,1017,MEAN CELL HEMOGLOBIN CONCENTRATION,MCHC,MCHC,Moyenne hémoglobine cellulaire concentration,Konsantrasyon mwayen emoglobin selilè,CCMH,CCMH,,,,,,,,,,
707,2,1342,Body mass index,indice de masse corporelle,kiasi cha nyama za mwili,BMI,IMC,BMI (calculated),"BODY MASS INDEX, MEASURED","INDICE DE MASSE CORPORELLE, MESURÉ",,,,,,,,,
708,2,140473,Feeling Bad,se siente mal,,,,,,,,,,,,,,,
709,2,33334083,Proximal to the pylorus,,,,,,,,,,,,,,,,
710,2,33334200,Albumin,,,,,,,,,,,,,,,,
711,2,33334256,Comment: Mild tenderness present,,,,,,,,,,,,,,,,
712,2,140,Scabies,"infestación por Sarcoptes scabiei, variedad hominis",Infestation by Sarcoptes Scabiei Var Hominis,Gale,Чесотка,Gal,,,,,,,,,,,
713,2,110399,Coloboma of Lens,coloboma del cristalino,Coloboma của Lens,Колобома хрусталика,,,,,,,,,,,,,
714,2,128485,Primary Sclerosing Cholangitis,colangitis esclerosante primaria,,,,,,,,,,,,,,,
715,2,135721,Hepatocellular Carcinoma,carcinoma de células hepáticas (clínico),hepatocellulair carcinoom,,,,,,,,,,,,,,
716,2,162401,Kit,Kit(s),,,,,,,,,,,,,,,
717,2,33334099,Excessive weight gain since,,,,,,,,,,,,,,,,
718,2,33334178,Unilateral,,,,,,,,,,,,,,,,
719,2,33334216,S.Insuline (F/PP),S.Insulin (F/PP),,,,,,,,,,,,,,,
720,1,54,TETANUS BOOSTER,RAPPEL VACCIN: TÉTANOS,,,,,,,,,,,,,,,
721,1,5555,Married,Marié,olewa,Married monogamous,Marie,Marye,,,,,,,,,,,
722,1,110531,Anorgasmia,incapacidad para el orgasmo,anorgasmie,,,,,,,,,,,,,,
723,1,113857,Persistent Postpartum Amenorrhoea-Galactorrhoea Syndrome,síndrome de amenorrea - galactorrea relacionado con el embarazo,,,,,,,,,,,,,,,
724,1,116214,Hypotension,hipotensión arterial,hypotensie,,,,,,,,,,,,,,
725,1,118302,Fecal Impaction,impactación fecal del recto,Phân cứng,,,,,,,,,,,,,,
726,1,126551,Short Bowel Syndrome,síndrome del intestino corto,,,,,,,,,,,,,,,
727,1,130651,Pelvic Abscess,absceso pélvico,pelvisch abces,,,,,,,,,,,,,,
728,1,137572,INDIGESTION,indigestión,indigestie,,,,,,,,,,,,,,
729,1,145069,Renal Cell Cancer,carcinoma de células claras de riñón,,,,,,,,,,,,,,,
730,1,149906,Acute Appendicitis,apendicitis aguda,acute appendicitis,Appendicite aiguë,,,,,,,,,,,,,
731,1,161155,"Culture and sensitivity, blood",Blood culture and sensitivity,"Culture et la sensibilité, du sang","Kilti ak sansiblite, san",,,,,,,,,,,,,
732,1,162987,Blood bank,Blood bank service,,,,,,,,,,,,,,,
733,1,109,"WOUND, SEPTIC",SEPTIC LESIONS,,,,,,,,,,,,,,,
734,1,845,"ULTRASOUND, ABDOMEN","ÉCHOGRAPHIE, ABDOMEN",kipimo cha tumbo kwa kutumia kopyuta,ABDOMINAL ULTRASOUND,Ultrasonido del abdomen,Ultrasonido,Ultrasound of abdomen,Abdomen (US),,,,,,,,,
735,1,1021,LYMPHOCYTES,LYMPH,LYMPH CELLS,LYMPHS,,,,,,,,,,,,,
736,1,1356,HIV Test,Test VIH,kiasi au wingi wa virusi vya ukimwi mwilini,HIV Test,HUMAN IMMUNODEFICIENCY VIRUS TEST,,,,,,,,,,,,
737,1,5912,ADULTS PEDS,,,,,,,,,,,,,,,,
738,1,110852,Acquired Megacolon,megacolon adquirido,,,,,,,,,,,,,,,
739,1,112472,Tachyarrhythmia,taquiarritmia,Tachyarrhythmia,,,,,,,,,,,,,,
740,1,114395,Leg Pain,dolor de pierna,onderste extremiteit pijn,Đau cẳng chân,,,,,,,,,,,,,
741,1,116599,Nesidioblastosis,hiperplasia de las células de los islotes pancreáticos,eilandcelhyperplasie van de pancreas,,,,,,,,,,,,,,
742,1,119455,Type I Diabetes Mellitus with Hyperosmolarity,"diabetes mellitus, tipo juvenil, con coma hiperosmolar",,,,,,,,,,,,,,,
743,1,133952,Morbid Obesity,obesidad mórbida,ziekelijke obesitas BMI >= 35,Bệnh béo phì bệnh hoạn,,,,,,,,,,,,,
744,1,140703,Fall Down Stairs,caída por la escalera,,,,,,,,,,,,,,,
745,1,147056,Borderline Leprosy,lepra dimorfa,Lèpre borderline,BT leprosy,BB leprosy,Lèpre borderline tuberculoide,Пограничная лепра,,,,,,,,,,
746,1,152798,Gallstone Pancreatitis,pancreatitis por cálculo biliar,,,,,,,,,,,,,,,
747,1,159684,mother-in-law,sand,earth,,,,,,,,,,,,,,
748,1,162222,Patient characteristics at start of antiretroviral therapy,Pt characteristics at start of ARV,,,,,,,,,,,,,,,
749,1,33334293,GB+,,,,,,,,,,,,,,,,
750,1,33334338,Crohn's Disease,,,,,,,,,,,,,,,,
751,1,388,X-RAY HEAD,,,,,,,,,,,,,,,,
752,1,1115,Normal,Normale,KAWAIDA,Normal,Nòmal,,,,,,,,,,,,
753,1,1500,Severe,SÉVÈRE,Sevè,,,,,,,,,,,,,,
754,1,5384,AZT START STOP DATE,,,,,,,,,,,,,,,,
755,1,110071,Facial Laceration,laceración facial,Vết rách ở mặt,,,,,,,,,,,,,,
756,1,110405,Chronic Venous Hypertension with Ulcer,úlcera por estasis,Tăng áp lực tĩnh mạch mãn tính với loét,,,,,,,,,,,,,,
757,1,111525,Vertigo,vértigo,vertigo,Chóng mặt,Vertige	,Vèrtij,,,,,,,,,,,
758,1,117498,"Hodgkin's Disease, of Intra-Abdominal Lymph Nodes",enfermedad de Hodgkin de los ganglios linfáticos intrabdominales,,,,,,,,,,,,,,,
759,1,120575,"Chronic Kidney Disease, Stage I","enfermedad renal crónica, estadio 1",,,,,,,,,,,,,,,
760,1,125176,Symptomatic Nystagmus,nistagmo sintomático,,,,,,,,,,,,,,,
761,1,129135,Primary Dysmenorrhea,dismenorrea primaria,primaire dysmenorroe,Đau bụng kinh nguyên phát,Dysmenorhee Primaire,dismenore prime,,,,,,,,,,,
762,1,142591,Dengue haemorrhagic fever,fiebre hemorrágica dengue,hemorragische denguekoorts,DHF (Dengue hemorrhagic fever),Fièvre hemorragique due au virus de la dengue,"Геморрагическая лихорадка, вызванная вирусом денге",,,,,,,,,,,
763,1,148650,Anorectal Stricture,estrechez anorrectal,anorectale strictuur,,,,,,,,,,,,,,
764,1,162410,"Capsule, sustained-release",Sustained-release capsule,"Capsule, extended-release",Cap SR,,,,,,,,,,,,,
765,1,33334018,Urine R/E,Urine Routine Examination,,,,,,,,,,,,,,,
766,1,33334058,TEP/TAPP Left,,,,,,,,,,,,,,,,
767,1,33334139,Wide & Short (Cystic duct),,,,,,,,,,,,,,,,
768,1,33334353,Ileostomy Hernia,,,,,,,,,,,,,,,,
769,1,996,CONSTIPATION,estreñimiento,Unspecified Constipation,Constipation,Kutopata choo,obstipatie,Запор,Konstipe,,,,,,,,,
770,1,5556,DIVORCED/SEPARATED,,,,,,,,,,,,,,,,
771,1,110136,Abdominal Enlargement,abdomen distendido,toegenomen buikvolume,,,,,,,,,,,,,,
772,1,110582,"Central Hearing Loss, Bilateral",hipoacusia central bilateral,,,,,,,,,,,,,,,
773,1,111761,Tympanosclerosis,timpanoesclerosis,tympanosclerose,Тимпаносклероз,,,,,,,,,,,,,
774,1,113890,Postmaturity Pregnancy,nacimiento postérmino,Postmaturity thai,,,,,,,,,,,,,,
775,1,118353,Falciparum Malaria (Malignant Tertian),Paludisme à plasmodium Falciparum,malaria inayosababishwa na fakiparam,paludismo por Plasmodium falciparum,malaria falciparum,Sốt rét do Falciparum,,,,,,,,,,,
776,1,126634,Severe Chronic Ulcerative Colitis,colitis ulcerosa crónica severa,,,,,,,,,,,,,,,
777,1,145092,Cirrhosis and Chronic Liver Disease,cirrosis y hepatopatía crónica,,,,,,,,,,,,,,,
778,1,150173,Achalasia of Esophagus,acalasia del esófago,Co thắt thực quản,,,,,,,,,,,,,,
779,1,159426,Nightmares,bad dreams,ночные кошмары,Кошмары,,,,,,,,,,,,,
780,1,33334283,Sleeve History,,,,,,,,,,,,,,,,
781,1,113,Furunculosis,forúnculo de la piel Y/O del tejido celular subcutáneo,Furuncle of Skin and Subcutaneous Tissue,Furonculose,,,,,,,,,,,,,
782,1,1368,"STOOL FOR OVA AND CYSTS, QUALITATIVE","Selles O&C, Qualitatif","O & C, Stool, Qual",,,,,,,,,,,,,,
783,1,5091,PULSUS PARADOXUS,PULSUS,,,,,,,,,,,,,,,
784,1,110858,Neurofibromatosis of Small Intestine,neoplasia benigna del intestino delgado,,,,,,,,,,,,,,,
785,1,112561,Superficial head injury,lesión traumática superficial de cabeza,Chấn thương đầu bề mặt,,,,,,,,,,,,,,
786,1,114413,Overweight,sobrepeso,overgewicht BMI <30,,,,,,,,,,,,,,
787,1,121914,Acute Orchitis,orquitis aguda,Viêm tinh hoàn cấp,,,,,,,,,,,,,,
788,1,127815,Recurrent Intestinal Obstruction,obstrucción intestinal recurrente,,,,,,,,,,,,,,,
789,1,134456,Megaduodenum,megaduodeno,megaduodenum,,,,,,,,,,,,,,
790,1,141307,Encysted Hydrocele,hidrocele quístico,ingekapselde hydrocoele,Гидроцеле осумкованное,,,,,,,,,,,,,
791,1,147104,Blurred vision,imagen visual borrosa,blurred vision,VISION VOILÉE,Kuona ukungu/uluwiluwi,troebel zicht,Nhìn mờ,Nhìn nhòe,চোখে ঝাপসা দেখা,,,,,,,,
792,1,159756,sand,earth,mud,,,,,,,,,,,,,,
793,1,162244,Every hour,q1h,hourly,,,,,,,,,,,,,,
794,1,33334295,Fixation,,,,,,,,,,,,,,,,
795,1,33334339,Diarrhoea,,,,,,,,,,,,,,,,
796,1,33334400,Stomach Leiomyoma,,,,,,,,,,,,,,,,
797,1,145,LABOR PAIN,,,,,,,,,,,,,,,,
798,1,892,Varicella,varicela,Chicken pox,Chickenpox,ፍሮማይ,Varicelle,??? (random characters for test),????,varicella,Varisèl,,,,,,,
799,1,1543,DATE OF DEATH,DATE DU DÉCÈS,Dat li mouri,,,,,,,,,,,,,,
800,1,110073,Lip Laceration,laceración del labio,,,,,,,,,,,,,,,
801,1,110423,Cystic Fibrosis with Liver Disease,enfermedad hepática por fibrosis quística,,,,,,,,,,,,,,,
802,1,115463,Mushroom Workers' Lung,neumopatía de los recogedores de hongos,paddestoelenwerkerslong,,,,,,,,,,,,,,
803,1,117627,Haemolytic Anaemia due to Malaria,Anémie Hémolytique dûe au Paludisme,upungufu wa damu kutokana na malaria,anemia hemolítica por paludismo,,,,,,,,,,,,,
804,1,120581,Chronic pyelonephritis,pielonefritis crónica,chronische pyelonefritis,Pyélonéphrite chronique,Pyélite chronique,,,,,,,,,,,,
805,1,125299,Superior Mesenteric Artery Trunk Injury,lesión del tronco de la arteria mesentérica superior,letsel van arteria mesenterica superior,,,,,,,,,,,,,,
806,1,129171,Prickling Sensation,sensación de pinchazos,prikkelend gevoel,,,,,,,,,,,,,,
807,1,148707,Annular Pancreas,páncreas anular,annulaire pancreas,Кольцевидная поджелудочная железа,,,,,,,,,,,,,
808,1,33334023,Sputum Culture and Sensitivity,Sputum C/S,,,,,,,,,,,,,,,
809,1,33334059,TEP/TAPP Mesh,,,,,,,,,,,,,,,,
810,1,33334309,Anastomotic Bleed,,,,,,,,,,,,,,,,
811,1,199,Helminthiasis,infección por helmintos,Helminth Infection,Worms NOS,"WORMS, INTESTINAL",Worms,HELMINTHIASE,helminthiasis,,,,,,,,,
812,1,999,"RESPIRATORY TRACT INFECTION, NOS",RTI,,,,,,,,,,,,,,,
813,1,5671,CHILD3 TC TX WEEKS,,,,,,,,,,,,,,,,
814,1,110608,Bacterial Peritonitis,peritonitis bacteriana,Vi khuẩn viêm phúc mạc,,,,,,,,,,,,,,
815,1,112037,Tuberculosis of Intestines,tuberculosis de los intestinos,Lao ruột,,,,,,,,,,,,,,
816,1,113942,Post-Dysenteric Reactive Arthropathy,artropatía posdisentérica,,,,,,,,,,,,,,,
817,1,116242,Long QT Syndrome,síndrome de QT prolongado,congenitaal lang QT,,,,,,,,,,,,,,
818,1,118363,"Failed Trial of Labor, Antepartum",ensayo del trabajo de parto fracasado,,,,,,,,,,,,,,,
819,1,126925,Secondary Malignant Neoplasm of Mesenteric Lymph Nodes,neoplasia maligna secundaria de los ganglios linfáticos mesentéricos,metastasen van de mesenterische lymfeklieren,,,,,,,,,,,,,,
820,1,131602,Otalgia,otalgia,otalgie,Оталгия,Otalgie,mal zòrèy,,,,,,,,,,,
821,1,137759,Impacted Gallstone of Gallbladder,cálculo biliar de vesícula impactado,calculus galblaasimpactie,,,,,,,,,,,,,,
822,1,159432,Bednet received date,bed net received date,,,,,,,,,,,,,,,
823,1,33334074,Fixation in IPOM: Secure Straps,,,,,,,,,,,,,,,,
824,1,33334284,Snoring 1,,,,,,,,,,,,,,,,
825,1,161054000,Laparoscopic Cholecystectomy,,,,,,,,,,,,,,,,
826,1,117,CONJUNCTIVITIS,enfermedad del ojo rosa,PINK EYE,,,,,,,,,,,,,,
827,1,850,ALP,,,,,,,,,,,,,,,,
828,1,110325,Dermoid Cyst of Cornea,coristoma dermoide quístico de la córnea,,,,,,,,,,,,,,,
829,1,110877,Chronic Gastrointestinal Ulcer with Hemorrhage,úlcera gástrica crónica con hemorragia Y con perforación,,,,,,,,,,,,,,,
830,1,112705,Streptococcus Infection,enfermedad infecciosa estreptocócica,,,,,,,,,,,,,,,
831,1,116692,Ileus,obstrucción intestinal,darmobstructie,,,,,,,,,,,,,,
832,1,119536,Major Depressive Disorder,trastorno depresivo mayor,ernstige depressieve stoornis,,,,,,,,,,,,,,
833,1,134462,Medullary Thyroid Carcinoma,carcinoma medular tiroideo,,,,,,,,,,,,,,,
834,1,141330,Empyema with Bronchopleural Fistula,empiema con fístula broncopleural,empyeem met bronchopleurale fistel,,,,,,,,,,,,,,
835,1,147148,Blister of Thigh with Infection,"ampolla del muslo, con infección",geïnfecteerde blaar van de dij,,,,,,,,,,,,,,
836,1,155390,calyceal renal calculus,calyxsteen,,,,,,,,,,,,,,,
837,1,33334340,Duodenal Necrosis,,,,,,,,,,,,,,,,
838,1,34,"MALARIA, SEVERE",,,,,,,,,,,,,,,,
839,1,152,Dysentery,disentería,Dysenterie,,,,,,,,,,,,,,
840,1,441,CLEAN AND DRESSING,WOUND DRESSING,,,,,,,,,,,,,,,
841,1,1643,RAPID TEST FOR MALARIA,RDT Malaria,TEST RAPIDE MALARIA,Kipimo cha haraka cha malaria (MRDT),tès RAPID pou malarya,,,,,,,,,,,,
842,1,110093,Alcohol Withdrawal Seizure,convulsión inducida por abstinencia alcohólica,,,,,,,,,,,,,,,
843,1,110449,Premature Adrenarche,adrenarca prematura,premature adrenarche,,,,,,,,,,,,,,
844,1,111656,Baltic Myoclonus Epilepsy,síndrome de Unverricht-Lundborg,,,,,,,,,,,,,,,
845,1,115735,Mitral Valve Insufficiency,insuficiencia de la válvula mitral,Mitral valve regurgitation,Mitral regurgitation,Suy van hai lá,,,,,,,,,,,,
846,1,125532,Suicide and Self-Inflicted Injury by Extremes of Cold,suicidio o lesión autoinfligida por exposición al frío,,,,,,,,,,,,,,,
847,1,129338,Postoperative Stitch Abscess,absceso de punto de sutura posquirúrgico,postoperatief abces op hechting,,,,,,,,,,,,,,
848,1,142938,Datura Stramonium Poisoning,intoxicación por Datura stramonium,,,,,,,,,,,,,,,
849,1,148722,Ankylosing Spondylitis,espondilitis anquilosante,ankyloserende spondylitis,Viêm cột sống dính khớp,Анкилозирующий спондилит,,,,,,,,,,,,
850,1,160556,No known allergies to medications,NKDA,No known drug allergies,Pas d'allergies médicamenteuses connues,Nou pa konnen si yo gen yon alèji dwòg,,,,,,,,,,,,
851,1,33334273,Sleep Study,,,,,,,,,,,,,,,,
852,1,63,MEASLES,sarampión,mazelen,,,,,,,,,,,,,,
853,1,202,RHEUMATOID ARTHRITIS,artritis reumatoide,ARTHRITIS RHEUMATOID,,,,,,,,,,,,,,
854,1,5020,HIV STAGING - HSV STOMATITIS,,,,,,,,,,,,,,,,
855,1,5695,RESULT,,,,,,,,,,,,,,,,
856,1,112137,Tuberculosis of Adrenal Glands,tuberculosis de glándulas suprarrenales,Туберкулез надпочечников (E35.1*),,,,,,,,,,,,,,
857,1,113990,"Congenital Polycystic Kidney, Autosomal Recessive","poliquistosis renal, tipo infantil",,,,,,,,,,,,,,,
858,1,121238,Basedow's Disease,enfermedad de Basedow,Bệnh Basedow,,,,,,,,,,,,,,
859,1,131860,Open Wound of Scrotum and Testes with Complication,herida abierta del escroto y los testículos con complicación,gecompliceerde open wonde van het scrotum en de testes,,,,,,,,,,,,,,
860,1,138664,Hiatus Hernia with Obstruction,hernia de hiato con obstrucción,hiatus hernia met obstructie,,,,,,,,,,,,,,
861,1,145519,Chronic Abdominal Pain,dolor abdominal crónico,,,,,,,,,,,,,,,
862,1,159434,Peak expiratory flow rate before bronchodilator,PEF before bronchodilator,DDP avant bronchodilatateur,,,,,,,,,,,,,,
863,1,3,ANEMIA,anemia,ANAEMIA,ANEMIA NOS,anemie,,,,,,,,,,,,
864,1,304,Stool exam,EXAMEN DES SELLES,Kupima haja kubwa/kinyesi,Stool microscopy,Stool microscopy without concentration,Fecalysis,egzamen poupou,,,,,,,,,,
865,1,5978,Nausea,NAUSÉE,ТОШНОТА,,,,,,,,,,,,,,
866,1,110327,Contusion of Forehead,contusión de la frente,contusie van het voorhoofd,,,,,,,,,,,,,,
867,1,110883,Gastrointestinal Problem,problemas del tracto gastrointestinal,,,,,,,,,,,,,,,
868,1,114772,Open Wound of Leg with Tendon Involvement,herida abierta de la pierna con compromiso tendinoso,"open wonde van het been, met peesletsel",,,,,,,,,,,,,,
869,1,116950,"Inguinal Hernia, with Obstruction, without Mention of Gangrene",hernia inguinal con obstrucción pero sin gangrena,,,,,,,,,,,,,,,
870,1,122635,"Blood Donor, Whole Blood",,,,,,,,,,,,,,,,
871,1,127850,Rectal Prolapse,prolapso rectal,rectumprolaps,Prolapsus rectal,Trực tràng Sa,Выпадение прямой кишки,,,,,,,,,,,
872,1,141334,Empyema of Gallbladder,empiema de la vesicular biliar,galblaas empyeem,,,,,,,,,,,,,,
873,1,147228,Bleeding Internal Hemorrhoids,hemorroides internas sangrantes,interne hemorroïden met bloeding,,,,,,,,,,,,,,
874,1,155495,chest pain at rest,,,,,,,,,,,,,,,,
875,1,33334050,GB: Thin Walled,,,,,,,,,,,,,,,,
876,1,35,"MALARIA, PRESUMED",,,,,,,,,,,,,,,,
877,1,155,Epilepsy,Épilepsie,KIFAFA,epilepsia,Epileptic Seizure,epilepsie,Epilepsi,,,,,,,,,,
878,1,5478,ORDER RADIOLOGY TEST,,,,,,,,,,,,,,,,
879,1,110094,Skin Tear,desgarro traumático de piel,,,,,,,,,,,,,,,
880,1,111678,Inguinal Hernia Recurrent Unilateral,hernia inguinal unilateral recurrente,Thoát vị bẹn tái phát một bên,,,,,,,,,,,,,,
881,1,113347,Renal Blood Vessel Injury,lesión de los vasos sanguíneos renales,traumatisch renaal bloedvatletsel,Tàu Tổn thương thận Blood,,,,,,,,,,,,,
882,1,115774,Classical Migraine with Intractable Migraine,migraña refractaria con aura,,,,,,,,,,,,,,,
883,1,120639,"Gout, Renal Disease",nefropatía gotosa crónica,,,,,,,,,,,,,,,
884,1,125973,St. Louis Encephalitis,enfermedad neuroinvasiva por virus de la encefalitis de St. Louis,,,,,,,,,,,,,,,
885,1,136625,Intracranial Meningioma,meningioma intracraneal,Nội sọ Meningioma,,,,,,,,,,,,,,
886,1,158362,piebaldism,,,,,,,,,,,,,,,,
887,1,33334229,USG Comment,,,,,,,,,,,,,,,,
888,1,64,MUMPS,parotiditis,bof,,,,,,,,,,,,,,
889,1,207,DEPRESSION,depresión,DEPRESSIVE EPISODE,depressieve stoornis,,,,,,,,,,,,,
890,1,684,TRICHOMONAS,T VAGINALIS,TRICHOMONAS VAGINALIS,,,,,,,,,,,,,,
891,1,5698,PAID,,,,,,,,,,,,,,,,
892,1,112207,Acute Traumatic Puncture of Tympanic Membrane,herida abierta no complicada del tímpano,,,,,,,,,,,,,,,
893,1,114044,Poisoning by Agent Primarily Affecting the Gastrointestinal System,intoxicación por droga del sistema gastrointestinal,,,,,,,,,,,,,,,
894,1,118639,Endocarditis,endocarditis,endocarditis,Viêm nội tâm mạc,,,,,,,,,,,,,
895,1,121303,"Autistic Disorder, Active",trastorno autista,Autism,Autisme,,,,,,,,,,,,,
896,1,132938,Non-Cardiac Chest Pain,dolor torácico no cardíaco,,,,,,,,,,,,,,,
897,1,139314,Goodpasture's Disease,enfermedad de Goodpasture,,,,,,,,,,,,,,,
898,1,150926,AA Amyloidosis,amiloidosis AA,,,,,,,,,,,,,,,
899,1,159436,Peak expiratory flow rate change in percentage after bronchodilator,DDP pour cent changement après bronchodilator,,,,,,,,,,,,,,,
900,1,161248,Positive for both Plasmodium falciparum and Plasmodium vivax,Positive for both Falciparum and Vivax malaria,,,,,,,,,,,,,,,
901,1,163435,Cyanocobalamin test,Tès syanokobalamin,Cobalamine Test,Tès kobalamin,Test de vitamine B12,Vitamin B12 level test,Test de cyanocobalamine,Tès vitamin B12,Cobalamin test,,,,,,,,
902,1,33334077,Sleeve Gastrectomy,,,,,,,,,,,,,,,,
903,1,33334386,Portal Hypertension Cirrhosis,,,,,,,,,,,,,,,,
904,1,121,Myalgia,Myalgie,Миалгия,Myalji,,,,,,,,,,,,,
905,1,856,HIV VIRAL LOAD,VIH CHARGE VIRALE,Kipimo cha kujua  wingi wa virusi  vya ukimwi mwilini,VIRAL LOAD,,,,,,,,,,,,,
906,1,5980,VOMITING,EMESIS,,,,,,,,,,,,,,,
907,1,110341,Gonorrhea Contact,contacto con gonorrea,,,,,,,,,,,,,,,
908,1,112851,Specific Nonpsychotic Mental Disorders due to Organic Brain Damage,trastornos mentales no psicóticos específicos luego de lesión cerebral orgánica,,,,,,,,,,,,,,,
909,1,115101,"Obstetrical Blood-Clot Embolism, Postpartum",embolia pulmonar por coágulo sanguíneo de origen obstétrico con complicación posnatal,,,,,,,,,,,,,,,
910,1,123539,Ureteric Stone,litiasis ureteral,uretersteen,,,,,,,,,,,,,,
911,1,127855,Rectal Fistula,fístula rectal,rectale fistel,Trực tràng rò,Прямокишечный свищ,,,,,,,,,,,,
912,1,141389,Embadomoniasis,embadomoniasis,,,,,,,,,,,,,,,
913,1,155540,cholangiocarcinoma of biliary tract,,,,,,,,,,,,,,,,
914,1,157,FEVER NOS,,,,,,,,,,,,,,,,
915,1,5479,ORDER RADIOLOGY TEST SPEC,,,,,,,,,,,,,,,,
916,1,110097,Posterior Rhinorrhea,rinorrea posnasal,,,,,,,,,,,,,,,
917,1,113381,Red Blood Cell Disorder,trastorno de los eritrocitos,,,,,,,,,,,,,,,
918,1,120661,Chronic Disease of Tonsils and Adenoids,enfermedad crónica de las amígdalas Y/O adenoides,Maladies chroniques des amygdales et des végétations adénoïdes,,,,,,,,,,,,,,
919,1,125974,ST Segment Elevation,supradesnivel del ST,,,,,,,,,,,,,,,
920,1,149001,Amebic Liver Abscess,absceso hepático amebiano,leverabces door amoeben,Abces amibien du foie,Áp xe A míp,,,,,,,,,,,,
921,1,162657,Liquid,,,,,,,,,,,,,,,,
922,1,67,INTESTINAL WORMS,helmintiasis intestinal,,,,,,,,,,,,,,,
923,1,1323,HEPATITIS C TEST (OD) - QUANTITATIVE,HEP C TEST (OD) - QUANT,,,,,,,,,,,,,,,
924,1,5040,"HIV STAGING - LYMPHOMA, BRAIN","lymphoma, brain",primary cns lymphoma,Linfoma cerebral,PHASE VIH - lymphome du cerveau,Estad VIH - lemfom sevo,,,,,,,,,,,
925,1,5820,CURRENT MEDS,,,,,,,,,,,,,,,,
926,1,110231,Hypertensive Heart and Kidney Disease without Heart Failure and with End-Stage Renal Disease,cardiopatía y nefropatía hipertensivas con insuficiencia renal,,,,,,,,,,,,,,,
927,1,112237,Brain Injury,lesión cerebral traumática Y/O no traumática,Brain chấn thương,,,,,,,,,,,,,,
928,1,114112,Blood Platelet Disorder,trastorno de las plaquetas,,,,,,,,,,,,,,,
929,1,116347,Lennox-Gastaut Syndrome with Tonic Seizures,síndrome de Lennox-Gastaut,,,,,,,,,,,,,,,
930,1,121313,Atypical Appendicitis,apendicitis atípica,,,,,,,,,,,,,,,
931,1,151316,Alternative Medicine,tratamiento complementario,Médecine alternative,Medsin altènatif,,,,,,,,,,,,,
932,1,161450,"Stool fat test, semi-quantitative",,,,,,,,,,,,,,,,
933,1,33334078,Sleeve Gastrectomy: Robotic,,,,,,,,,,,,,,,,
934,1,128,"Wound, deep",herida abierta,Deep wound,OPEN WOUND,Open Wound(s),"WOUND, PRICK",,,,,,,,,,,
935,1,1460,AIDS meningoencephalitis,ENCÉPHALOPATHIE PRÉSUMÉE DUE AU VIH,magonjwa ya mfumo wa fahamu kueokana na upungufu wa kinga mwilini,Human immunodefiency virus encephalitis,,,,,,,,,,,,,
936,1,5987,ABDOMINAL PAIN,,,,,,,,,,,,,,,,
937,1,110343,Acute Hyperventilation,alcalosis respiratoria aguda,Tăng thông khí cấp tính,,,,,,,,,,,,,,
938,1,112860,Spastic Hemiplegia,hemiplejía espástica,spastische hemiplegie,Спастическая гемиплегия,,,,,,,,,,,,,
939,1,115102,"Obstetrical Blood-Clot Embolism, with Mention of Postpartum Complication",embolia pulmonar por coágulo sanguíneo de origen obstétrico con complicación posnatal,,,,,,,,,,,,,,,
940,1,123565,Upper Respiratory Infection,Infection des voies respiratoires supérieures,infección de vías respiratorias superiores,Nhiễm trùng đường hô hấp trên,,,,,,,,,,,,,
941,1,127903,Rat Bite,mordedura de rata,,,,,,,,,,,,,,,
942,1,162354,Can,Can(s),,,,,,,,,,,,,,,
943,1,33334052,Gallbladder was Mirizzis,,,,,,,,,,,,,,,,
944,1,33334415,Splenomegaly,,,,,,,,,,,,,,,,
945,1,33334481,Site(Clinical Examination),Site,,,,,,,,,,,,,,,
946,1,37,MENSTRUAL DYSFUNCTION,DISFONCTIONEMENT MENSTRUEL,,,,,,,,,,,,,,,
947,1,172,GASTRITIS,gastritis,,,,,,,,,,,,,,,
948,1,1216,HIV STAGING - NONRESPONSIVE HERPES SIMPLEX VIRUS,HIV STAGING - NONRESPONSIVE HSV,nonresponsive herpes simplex virus,,,,,,,,,,,,,,
949,1,5502,TB FURTHER WORK UP,,,,,,,,,,,,,,,,
950,1,110100,Bone Marrow Failure,pancitopenia,pancytopenie,,,,,,,,,,,,,,
951,1,110509,Neonatal Intestinal Obstruction,obstrucción intestinal perinatal,,,,,,,,,,,,,,,
952,1,113460,Quadriplegia,cuadriplejía,tetraplegie,,,,,,,,,,,,,,
953,1,115848,Megaloblastic Anemia due to Vitamin B12 Deficiency,anemia megaloblástica por déficit de vitamina B12,,,,,,,,,,,,,,,
954,1,117896,Gastric Ulcer with Perforation,úlcera gástrica perforada,maagulcus met perforatie,Thủng ổ loét dạ dày,,,,,,,,,,,,,
955,1,120666,Chronic Cholecystitis,colecistitis crónica,chronische cholecystitis,Хронический холецистит,,,,,,,,,,,,,
956,1,125992,Squamous Cell Carcinoma of Buccal Mucosa,carcinoma de células escamosas de la mucosa yugal,spinocellulair carcinoom van het wangslijmvlies,,,,,,,,,,,,,,
957,1,129425,Posterior Subcapsular Cataract,catarata subcapsular posterior,,,,,,,,,,,,,,,
958,1,136732,Internal Duodenal Fistula,fístula duodenal interna,,,,,,,,,,,,,,,
959,1,143200,Crohn's Disease of Small and Large Intestines,enfermedad de Crohn del intestino delgado y grueso,,,,,,,,,,,,,,,
960,1,158425,poor posture,,,,,,,,,,,,,,,,
961,1,162680,Recovery ward,,,,,,,,,,,,,,,,
962,1,33334363,Leiomyoma Stomach,,,,,,,,,,,,,,,,
963,1,214,ROAD TRAFFIC ACCIDENT,acidosis tubular renal,RTA,,,,,,,,,,,,,,
964,1,5835,STREPTOMYCIN CURRENT,,,,,,,,,,,,,,,,
965,1,110233,Hypertensive Heart and Kidney Disease without Heart Failure and with Chronic Kidney Disease Stage IV,cardiopatía y nefropatía hipertensivas,,,,,,,,,,,,,,,
966,1,112271,Transient Organic Psychosis,psicosis orgánicas transitorias,voorbijgaande organische psychose,,,,,,,,,,,,,,
967,1,114131,Dandruff,pitiriasis simple,pityriasis simplex,,,,,,,,,,,,,,
968,1,116442,Laceration of Brain with Open Intracranial Wound,laceración del cerebro con herida intracraneal abierta,,,,,,,,,,,,,,,
969,1,118862,Diverticulitis of Colon,diverticulitis de colon,diverticulitis van het colon,,,,,,,,,,,,,,
970,1,121375,Asthma,Asthme,ASTHMA,Asima,ugonjwa wa pumu,asma,Hen suyễn,Suyễn,Opresyon,,,,,,,,
971,1,127418,Rheumatoid Arteritis,arteritis reumatoide,,,,,,,,,,,,,,,
972,1,133111,Neuroendocrine Carcinoma,carcinoma neuroendocrino,Ung thư biểu mô thần kinh nội tiết,,,,,,,,,,,,,,
973,1,139579,Gastrointestinal Obstruction,obstrucción gastrointestinal,gastrointestinale obstructie,,,,,,,,,,,,,,
974,1,163699,Mesure de l'urée (calculée),Urea measurement (calculated),Mezi ure  (kalkile),,,,,,,,,,,,,,
975,1,33334079,Sleeve Gastrectomy: Laproscopic,,,,,,,,,,,,,,,,
976,1,33334388,Portal Hypertension HVOO,,,,,,,,,,,,,,,,
977,1,1463,acute bacterial pneumonia,PNEUMONIE BACTÉRIENNE AIGÜE,Nimonia dueto bacteria,,,,,,,,,,,,,,
978,1,5334,"CANDIDIASIS, ORAL","CANDIDOSE, BUCCO-PHARYNGÉE",fangasi kinywani,THRUSH,,,,,,,,,,,,,
979,1,110374,Abnormal Computerised Axial Tomography Scan,tomografía computarizada anormal,,,,,,,,,,,,,,,
980,1,110961,"Hernia of Other Specified Sites, with Gangrene",hernia con gangrena,,,,,,,,,,,,,,,
981,1,113022,Seromucinous Otitis Media,otitis media seromucinosa,,,,,,,,,,,,,,,
982,1,117375,High Blood Triglycerides,hipertrigliceridemia,,,,,,,,,,,,,,,
983,1,123811,"Undetermined Manner of Death, Accidental Means Suspected","tipo de muerte no determinada, con sospecha de medios accidentales",,,,,,,,,,,,,,,
984,1,127941,Radiation Injury,efectos de la radiación,stralingsletsel,,,,,,,,,,,,,,
985,1,141776,Dream Anxiety Disorder,crisis de ansiedad del sueño,,,,,,,,,,,,,,,
986,1,160034,Died,Muerte,Dècédé	,mouri,,,,,,,,,,,,,
987,1,33334053,Subphepatic Drain,,,,,,,,,,,,,,,,
988,1,33334482,Duration,,,,,,,,,,,,,,,,
989,1,174,SEXUALLY TRANSMITTED INFECTION,STI,,,,,,,,,,,,,,,
990,1,933,OPEN WOUND OF UNSPECIFIED BODY REGION,"WOUND, PIERCE",,,,,,,,,,,,,,,
991,1,1217,HIV STAGING - REFRACTORY ANEMIA,,,,,,,,,,,,,,,,
992,1,111709,Ulcerative Proctocolitis,proctocolitis ulcerosa,ulceratieve proctocolitis,Viêm loét Proctocolitis,,,,,,,,,,,,,
993,1,113510,Aspiration of Blood without Respiratory Symptoms,aspiración de sangre,,,,,,,,,,,,,,,
994,1,115968,Malignant Neoplasm of Tonsil,tumor maligno de las amígdalas,maligne neoplasma van de tonsillen,,,,,,,,,,,,,,
995,1,120700,"Chondrocalcinosis due to Dicalcium Phosphate Crystals, Other Specified Sites",condrocalcinosis por cristales de fosfato dicálcico,,,,,,,,,,,,,,,
996,1,126162,Splenic Abscess,absceso esplénico,miltabces,,,,,,,,,,,,,,
997,1,129501,Popping Sensation in Ear,sensación de vacío en el oído,,,,,,,,,,,,,,,
998,1,137155,Inguinal Lymphadenopathy,linfadenopatía inguinal,inguinale adenopathie,,,,,,,,,,,,,,
999,1,143556,Contact Dermatitis due to Dye,dermatitis de contacto por tinturas,contactdermatitis door kleurstoffen,,,,,,,,,,,,,,
1000,1,149546,Acute Recurrent Pancreatitis,pancreatitis recurrente aguda,,,,,,,,,,,,,,,
1001,1,158699,right hemiplegia,,,,,,,,,,,,,,,,
1002,1,160911,Fever lasting more than one week,Fever for greater than 7 days,Fièvre durant plus d'une semaine,Lafyèv ki dire lontan plis pase yon semèn,,,,,,,,,,,,,
1003,1,162711,Cab,Taxi,Taxicab,,,,,,,,,,,,,,
1004,1,33334068,Bowel in IPOM,,,,,,,,,,,,,,,,
1005,1,33334366,Liver cysts Simple,,,,,,,,,,,,,,,,
1006,1,222,SINUSITIS,sinusitis,sinusitis,,,,,,,,,,,,,,
1007,1,5839,ANTIMALARIAL MEDICATIONS,MEDICAMENTS ANTI-PALUDIQUES,Imiti ya malaria,ፀረ ዓሶ መድሓኒት,,,,,,,,,,,,,
1008,1,110234,Hypertensive Heart and Kidney Disease without Heart Failure and with Chronic Kidney Disease Stage III,cardiopatía y nefropatía hipertensivas,,,,,,,,,,,,,,,
1009,1,116454,"Cerebellar or Brain Stem Laceration with Open Intracranial Wound, no Loss of Consciousness","laceración del rombencéfalo con herida intracraneal abierta, sin pérdida de la consciencia",,,,,,,,,,,,,,,
1010,1,121387,ASSAULT,ataque físico,,,,,,,,,,,,,,,
1011,1,127488,Retroperitoneal Sarcoma,sarcoma retroperitoneal,,,,,,,,,,,,,,,
1012,1,139662,Gallstone Ileus,íleo biliar,galsteen ileus,"Илеус, вызванный желчным камнем",,,,,,,,,,,,,
1013,1,146238,Carcinoma of Hepatic Flexure,carcinoma de ángulo hepático,,,,,,,,,,,,,,,
1014,1,159599,Antiretroviral treatment start date,ARV start date,ART start date,DATE DE DÉBUT DES ANTIRÉTROVIRAUX,Date antiretrovirals started,Antiretwoviral tretman dat kòmansman,,,,,,,,,,,
1015,1,161500,C-reactive protein,CRP,CRP level,Protéine C-réactive,C-reyaktif pwoteyin,,,,,,,,,,,,
1016,1,163733,<72 heures,<3 days,Mwens pase 72 èdtan,Less than 72 hours,Less than 3 days,<3 jou,Moins de 3 jours,Moins de 72 heures,<72 hours,<72 èdtan,<3 jours,Mwens pase 3 jou,,,,,
1017,1,33334080,Omental in SG,,,,,,,,,,,,,,,,
1018,1,132,STY,orzuelo externo,,,,,,,,,,,,,,,
1019,1,369,ALLERGIC RHINITIS,rinitis alérgica,,,,,,,,,,,,,,,
1020,1,1467,Diarrhea for less than one month,DIARRHÉE (<1 MOIS),Kipindupindu chini ya mwezi mmoja,Dyare mwens ke 1 mwa,dyare < 1 mwa,,,,,,,,,,,,
1021,1,5340,"HIV STAGING  - CANDIDIASIS, ORORESPIRATORY TRACT","CANDIDIASIS OF OSEOPHAGUS, TRACHEA AND/OR BRONCHUS",persistent oral candidiasis,"PHASE VIH - CANDIDIASIS, VOIE ORORESPIRATOIRE",,,,,,,,,,,,,
1022,1,110389,Need for Prophylactic Vaccination Against Hepatitis a,vacuna anti-hepatitis A,,,,,,,,,,,,,,,
1023,1,113051,Suicide and Self-Inflicted Poisoning by Gases and Vapors,autointoxicación por gas,,,,,,,,,,,,,,,
1024,1,115153,Hemoperitoneum (Nontraumatic),hemoperitoneo atraumático,niet-traumatisch hemoperitoneum,Hémopéritoine (nontraumatique),,,,,,,,,,,,,
1025,1,119703,Cyst of Ovary,quiste ovárico,cyste van het ovarium,,,,,,,,,,,,,,
1026,1,156460,gastric anastomotic leak,,,,,,,,,,,,,,,,
1027,1,160240,Oral administration,PO,Oral route of administration,Oral,By mouth,,,,,,,,,,,,
1028,1,162381,Unit,Unit(s),U,,,,,,,,,,,,,,
1029,1,33334266,Dobutamine Stress Echo,,,,,,,,,,,,,,,,
1030,1,33334483,Radiation(Clinical Examination),,,,,,,,,,,,,,,,
1031,1,42,"PNEUMONIA, TUBERCULOUS",tuberculosis activa,PTB,PULMONARY TB,TB PNEUMONIA,pulmonary tuberculosis,"mycobacterium tuberculosis, pulmonary","PNEUMONIE, TUBERCULEUSE",tuberculeuze pneumonie,"Nemoni, tibèkiloz",Poumon tibèkiloz,,,,,,
1032,1,644,KAPOSI SARCOMA ORAL,,,,,,,,,,,,,,,,
1033,1,945,CEREBRAL PALSY,parálisis cerebral,CELEBRAL PALSY,cerebral palsy,,,,,,,,,,,,,
1034,1,1871,PERSONAL HISTORY OF BLOOD TRANSFUSION,HISTORIQUE DE TRANSFUSION SANGUINE,,,,,,,,,,,,,,,
1035,1,5520,MTCT SERVICE MENTAL HEALTH,,,,,,,,,,,,,,,,
1036,1,113563,Aldosteronism with Hyperplasia of the Adrenal Cortex,hiperaldosteronismo pseudoprimario,,,,,,,,,,,,,,,
1037,1,117924,Calculus of Gallbladder with Acute Cholecystitis and Obstruction,cálculo en vesícula biliar con colecistitis aguda y obstrucción,,,,,,,,,,,,,,,
1038,1,120708,Cholelithiasis without Obstruction,colelitiasis sin obstrucción,cholelithiase,,,,,,,,,,,,,,
1039,1,129569,Polycystic Ovaries,poliquistosis ovárica,polycystische ovaria,,,,,,,,,,,,,,
1040,1,137158,Ingrowing Nail with Infection,onicocriptosis con infección,ingroeiende nagelinfectie,,,,,,,,,,,,,,
1041,1,162830,Save the Children Ebola stage 2,GI/Wet,StC Ebola stage 2,,,,,,,,,,,,,,
1042,1,33334146,GBC+ : Gallbladder was contracted,,,,,,,,,,,,,,,,
1043,1,33334318,Ca Bladder,,,,,,,,,,,,,,,,
1044,1,103,HIV ANTIBODY,,,,,,,,,,,,,,,,
1045,1,225,DIABETES INSIPIDUS,diabetes insípida,DI,diabetes insipidus,,,,,,,,,,,,,
1046,1,1338,LYMPHOCYTES (%) - MICROSCOPIC EXAM,Lymphocytes (%),Limfosit (%),,,,,,,,,,,,,,
1047,1,5845,MULTIVITAMIN CURRENT,,,,,,,,,,,,,,,,
1048,1,110237,Malignant Hypertensive Kidney Disease without Chronic Kidney Disease,nefropatía hipertensiva maligna,,,,,,,,,,,,,,,
1049,1,112395,DVT Femoral  (Deep Venous Thrombosis),tromboflebitis de la vena femoral profunda,,,,,,,,,,,,,,,
1050,1,116500,Calculus of kidney,cálculo renal,Nephrolithiasis,Kidney stone,Renal stone,niersteen,Lithiase renale,Calcul renal,Calculus của thận,Камни почки,,,,,,,
1051,1,127489,Retroperitoneal Mass,masa de estructura retroperitoneal,retroperitoneale massa,,,,,,,,,,,,,,
1052,1,133562,Myocarditis due to Drug,miocarditis medicamentosa,,,,,,,,,,,,,,,
1053,1,139778,Fuchs' Adenoma,adenoma de Fuchs,,,,,,,,,,,,,,,
1054,1,146411,Carcinoma Common Bile Duct,carcinoma de colédoco,,,,,,,,,,,,,,,
1055,1,161503,T3 test,Tri-iodothyronine test,Tri-iodothyronine level,test de Triiodothyronine,Test T3,Triiodothyronine (T3) dans le test de sérum ou de plasma,tès triyodotironin,tès T3,Triyodotironin (T3) nan sewòm oswa plasma tès,,,,,,,,
1056,1,163734,3 a 5 jou,72 to 120 hours,3 to 5 days,3 à 5 jours,72 à 120 heures,72 a 120 èdtan,,,,,,,,,,,
1057,1,33334081,Bowel in SG,,,,,,,,,,,,,,,,
1058,1,134,Cellulitis,celulitis,Cellulitis of unspecified site,Cellulite,,,,,,,,,,,,,
1059,1,879,Pruritus,Itching,Prurit,,,,,,,,,,,,,,
1060,1,1045,HIV WESTERN BLOT BANDS,HIV WB BANDS,,,,,,,,,,,,,,,
1061,1,110396,Sinus Pain,cefalea sinusal,Đau xoang,,,,,,,,,,,,,,
1062,1,113077,Hepatic Metastases,neoplasia maligna secundaria de hígado,levermetastase,Di căn gan,,,,,,,,,,,,,
1063,1,115288,Parsonage-Aldren-Turner Syndrome,lesión del plexo braquial,neuralgische amyotrofie,,,,,,,,,,,,,,
1064,1,123934,TYPHOID FEVER,fiebre tifoidea,,,,,,,,,,,,,,,
1065,1,135540,Lumbar Hernia,hernia lumbar,hernia lumbalis,,,,,,,,,,,,,,
1066,1,142222,HTLV I,infección por virus linfotrópico de células T humano tipo 1,,,,,,,,,,,,,,,
1067,1,148494,Aptyalism,xerostomía,,,,,,,,,,,,,,,
1068,1,162392,PV,Vaginal administration,Per vagina,Vaginally,,,,,,,,,,,,,
1069,1,649,WBC,,,,,,,,,,,,,,,,
1070,1,1883,Urgent (status),URGENT (STATUT),replaceኩነታቱ ቅልጡፍ ሓገዝ ዘድልዮ,,,,,,,,,,,,,,
1071,1,5543,WEAKNESS,,,,,,,,,,,,,,,,
1072,1,110126,Basophilic Leukocytosis,basofilia,basofilie,,,,,,,,,,,,,,
1073,1,110525,Electromechanical Dissociation,disociación electromecánica,,,,,,,,,,,,,,,
1074,1,111725,Ulcer of Lower Limbs,úlcera de la extremidad inferior,leg ulcer,ulcer of lower extremity,,,,,,,,,,,,,
1075,1,113766,Bronchogenic Cancer,neoplasia maligna de bronquio,neoplasia maligna primaria de bronquio,Ung thư phế quản,,,,,,,,,,,,,
1076,1,117926,Cholelithiasis and Acute Cholecystitis without Obstruction,cálculo biliar con colecistitis aguda y sin obstrucción,,,,,,,,,,,,,,,
1077,1,120717,Cholelithiasis and Cholecystitis with Obstruction,colelitiasis Y colecistitis con obstrucción,,,,,,,,,,,,,,,
1078,1,130321,Peutz-Jeghers Syndrome,síndrome de Peutz - Jeghers,syndroom van Peutz-Jeghers,,,,,,,,,,,,,,
1079,1,144455,Complication of Internal Anastomosis and Bypass of Urinary Tract Including that Involving Intestinal Tract,"complicación de la anastomosis interna Y/O de la derivación del tracto urinario, incluida aquella que compromete al tracto intestinal",,,,,,,,,,,,,,,
1080,1,158843,Sore throat,keelpijn,,,,,,,,,,,,,,,
1081,1,162831,Severe,Save the Children Ebola stage 3,StC Ebola stage 3,,,,,,,,,,,,,,
1082,1,33334279,Date (Main Operative Findings),,,,,,,,,,,,,,,,
1083,1,226,NEONATAL SEPSIS,enfermedad infecciosa neonatal,Infection of Newborn,NEONATAL INFECTION,SEPSIS NEONATAL,,,,,,,,,,,,
1084,1,1341,BASOPHILS (%) - MICROSCOPIC EXAM,Basophiles (%),Bazofil (%),,,,,,,,,,,,,,
1085,1,5854,PAST BCG,,,,,,,,,,,,,,,,
1086,1,110276,Donor for Lung Transplant,,,,,,,,,,,,,,,,
1087,1,112426,"Third-Degree Perineal Laceration, with Delivery",desgarro perineal de tercer grado durante el parto - nacido,derde graadsscheur perineum,,,,,,,,,,,,,,
1088,1,116527,Chronic Progressive External Ophthalmoplegia with Myopathy,síndrome de Kearns - Sayre,,,,,,,,,,,,,,,
1089,1,121689,ALLERGY,alergia,,,,,,,,,,,,,,,
1090,1,127625,Resting Tremor,temblor durante el descanso,rusttremor,,,,,,,,,,,,,,
1091,1,133614,Fibromatosis,fibromatosis musculoesquelética,,,,,,,,,,,,,,,
1092,1,140066,Flat Chest,tórax plano,,,,,,,,,,,,,,,
1093,1,146602,Ca Cervix - Screening Done,cáncer de cuello uterino - cribado realizado,,,,,,,,,,,,,,,
1094,1,152736,Left Inguinal Hernia,,,,,,,,,,,,,,,,
1095,1,163736,Supérieur à 14 jours,>14 days,>2 semaines,>2 weeks,>2 semèn,plis pase 14 jou,>14 jours,>14 jou,Greater than 2 weeks,Plis pase 2 semèn,Greater than 14 days,Supérieur à 2 semaines,,,,,
1096,1,33334082,Adhesiolysis done in SG,,,,,,,,,,,,,,,,
1097,1,33334124,L / E: Size,,,,,,,,,,,,,,,,
1098,1,12,"X-ray, chest",Cliché du thorax,x-ray za kifua,Chest xray,CXR,X-ray chest,RADIOGRAPHIE PULMONAIRE,Рентгенография,Kliche pwatrin,سینے کا ایکس رے,,,,,,,
1099,1,136,CHEST PAIN,,,,,,,,,,,,,,,,
1100,1,376,X-RAY ABDOMEN,,,,,,,,,,,,,,,,
1101,1,884,HUMAN IMMUNODEFICIENCY VIRUS,infección asintomática por virus de la inmunodeficiencia humana,HIV,Human Immunodeficiency Virus (HIV) Infection Status,P23,asymptomatische status van humaan immunodeficiëntievirus-ziekte,,,,,,,,,,,
1102,1,1046,"HERPES SIMPLEX VIRUS POLYMERASE CHAIN REACTION, QUALITATIVE",HSV PCR QUAL,HERPES PCR QUAL,HSV PCR QUAL,,,,,,,,,,,,,
1103,1,1490,Physical trauma,TRAUMATISME PHYSIQUE,Bikomere byumubiri,Jeraha,Physical injury,শারিরিক আঘাত,,,,,,,,,,,
1104,1,5362,OI INELIGIBLE HIV STATUS,,,,,,,,,,,,,,,,
1105,1,110398,Coloboma of Eyelid,coloboma de párpado,coloboma van het ooglid,,,,,,,,,,,,,,
1106,1,111152,Ulcer with Gangrene,úlcera de la piel,,,,,,,,,,,,,,,
1107,1,113082,Brain or Spinal Cord Cancer due to Spread from Other Site,neoplasia maligna secundaria del sistema nervioso central,,,,,,,,,,,,,,,
1108,1,115359,Neoplasm of brain,neoplasia del encéfalo,Tumeur du cerveau,,,,,,,,,,,,,,
1109,1,117454,Genu Recurvatum,genu recurvatum,,,,,,,,,,,,,,,
1110,1,120032,Congenital Anomaly of Thoracic Cage,anomalía congénita de la caja torácica,,,,,,,,,,,,,,,
1111,1,124774,Haemorrhoids Thrombosed,hemorroides trombosadas,getromboseerde hemorroïden,,,,,,,,,,,,,,
1112,1,135641,Lofgrens Syndrome,síndrome de Lofgrens,,,,,,,,,,,,,,,
1113,1,148499,Apraxia of Dressing,apraxia del vestir,,,,,,,,,,,,,,,
1114,1,162395,Bag,Bag(s),,,,,,,,,,,,,,,
1115,1,33334016,Creatine Kinase (MB) Test,Creatinine Kinase Test,Creatinine Phosphokinase Test,CPK (MB),,,,,,,,,,,,,
1116,1,47,"Pregnancy, hypertension associated",PIH,PREECLAMPSIA,Pregnancy-induced hypertension,TOXEMIA,"GROSSESSE, AVEC HYPERTENSION",Gwosès ak tansyon,,,,,,,,,,
1117,1,5552,SES,,,,,,,,,,,,,,,,
1118,1,110526,Cytomegaloviral Colitis,colitis por citomegalovirus,,,,,,,,,,,,,,,
1119,1,111735,"Diabetes Mellitus Type II, Controlled, with no Complications",diabetes mellitus tipo II sin complicaciones,,,,,,,,,,,,,,,
1120,1,116107,Diffuse Non-Hodgkin's Mixed Small and Large Cell (Diffuse) Lymphoma,linfoma maligno de células mixtas pequeñas y grandes,,,,,,,,,,,,,,,
1121,1,118070,Forgetfulness,olvidos frecuentes,,,,,,,,,,,,,,,
1122,1,137471,Infection by Cunninghamella,infección por Cunninghamella,,,,,,,,,,,,,,,
1123,1,149636,Acute Necrosis of Pancreas,necrosis aguda del páncreas,,,,,,,,,,,,,,,
1124,1,298,"Candidiasis, vaginal",candidiasis de la vagina,Candidiasis of Vagina,Vaginal candidiasis,Pertes vaginales,"Kandidoz, nan vajen",,,,,,,,,,,
1125,1,844,HIV DNA POLYMERASE CHAIN REACTION,HIV DNA PCR,DNA PCR,HIV DNA PCR,Proviral DNA,VIH ADN reaction en chaîne par polymerase,VIH ADN  reyaksyon en chèn polimerizasyon,,,,,,,,,,
1126,1,5906,OTHER TESTS,,,,,,,,,,,,,,,,
1127,1,110835,Cold Donath Landsteiner Type Autoimmune Haemolytic Anaemia,hemoglobinuria paroxística inducida por frío,,,,,,,,,,,,,,,
1128,1,112461,Hexosaminidase A Deficiency Disease,enfermedad de Tay - Sachs,,,,,,,,,,,,,,,
1129,1,116528,Kearns-Sayre Syndrome,síndrome de Kearns - Sayre,Kearns-Sayre syndroom,,,,,,,,,,,,,,
1130,1,119209,Disorder of Menstruation/Abnormal Bleeding,,,,,,,,,,,,,,,,
1131,1,121692,Allergic rhinitis,rinitis alérgica,Rhinite allergique,Viêm mũi dị ứng,Viêm mũi xoang dị ứng,,,,,,,,,,,,
1132,1,127665,Need for Vaccination for Cholera,requiere una dosis de vacuna contra el cólera,,,,,,,,,,,,,,,
1133,1,146893,Bronchial Breathing,respiración bronquial,Âm thở phế quản,,,,,,,,,,,,,,
1134,1,152747,Perforated Diverticulum of Large Intestine,divertículo perforado de intestino grueso,dikke darmdivertikel met perforatie,,,,,,,,,,,,,,
1135,1,162132,Patient condition poor,,,,,,,,,,,,,,,,
1136,1,163748,Present,présent,prezan,,,,,,,,,,,,,,
1137,1,33334292,GB,,,,,,,,,,,,,,,,
1138,1,33334398,Stitch Sinus,,,,,,,,,,,,,,,,
1139,1,387,X-RAY SKULL,,,,,,,,,,,,,,,,
1140,1,1065,Yes,Oui,Yego,እወ,Sí,Да,True,Vrai,Verdadero,Sì,Vero,Sim,Verdadeiro,হ্যাঁ,Wi,Vre,ہاں
1141,1,1493,HAS HEALTH INSURANCE,ASSURANCE MALADIE,Ni kiasi cha chembechembe nyekundu za damu katika damu,,,,,,,,,,,,,,
1142,1,5372,CURRENT ARV THERAPY,,,,,,,,,,,,,,,,
1143,1,110018,Trigger Point with Tension Headache,,,,,,,,,,,,,,,,
1144,1,113087,Secondary hypertension,hipertensión arterial secundaria,Hypertension secondaire,Tăng huyết áp thứ phát,,,,,,,,,,,,,
1145,1,115396,Infective Necrosis of Pancreas,necrosis del páncreas,pancreasnecrose,,,,,,,,,,,,,,
1146,1,117460,High Blood Cholesterol,Abnormally elevated serum cholesterol,Serum cholesterol raised,,,,,,,,,,,,,,
1147,1,120324,Colitis,colitis inespecífica,Viêm đại tràng,,,,,,,,,,,,,,
1148,1,124999,Tender Testes,testículos dolorosos a la palpación,,,,,,,,,,,,,,,
1149,1,142487,DHAT,dhat,,,,,,,,,,,,,,,
1150,1,148576,Antiphospholipid Syndrome,síndrome antifosfolípido,antifosfolipidesyndroom,,,,,,,,,,,,,,
1151,1,160282,Despierto,Awake,Conscious,Éveillé,Leve,,,,,,,,,,,,
1152,1,33334017,Prostatic Acid Phosphatase Test,PAP Test,,,,,,,,,,,,,,,
1153,1,33334057,TEP/TAPP Right,,,,,,,,,,,,,,,,
1154,1,33334270,Upper GI Endoscopy,,,,,,,,,,,,,,,,
